artifact_id	file	sha256	size_bytes
4591159085	UBL-Endorsed-Entities-2.4-os.gc	68a1bc6c9243aa787c8902dcb9f7ee6ed430aea8af1da869fd9aea7da335a3c1	8365067
4591159085	UBL-Endorsed-Entities-2.5.gc	68a1bc6c9243aa787c8902dcb9f7ee6ed430aea8af1da869fd9aea7da335a3c1	8365067
4591159085	UBL-Entities-2.4-os.gc	fa441eceec11cb5ba2bb38ac76a589eccad878e691bde998f7ce017ceee90913	8234496
4591159085	UBL-Entities-2.5.gc	b62566116b2c302a37bdea8bc5b641b362cafbf8577fc656045248f1fcefca2b	8824734
4591159085	UBL-Signature-Entities-2.4-os.gc	ff52a2679b16583fd3c08be9c196ae87999c91b06c8231555a65f7bef7753957	13862
4591159085	UBL-Signature-Entities-2.5.gc	1104e26913cbddb9c1c4eb1eb742e3fc04e37af7b506e9c01dad48b3191874c6	13871
4591159085	ods-sources/UBL-Documents-Google.ods	3214418de22cf3d8785ad263231b55be28dbfc22f725c38c4b1db50871eef7a4	911943
4591159085	ods-sources/UBL-Endorsed-Entities-2.5.ods	fea33d2f86fe9c4c554160c30f6f4c52d6adbefc82ad691f8dfc96caf1dcd763	1670476
4591159085	ods-sources/UBL-Entities-2.5.ods	b64fbfb61fc93f0dfc87d812da73eab26058c8ea95a6b5e9f25c7128988e39ff	1788925
4591159085	ods-sources/UBL-Library-Google.ods	b1cd8fe51ef6a896bc9f88b6daa68a74e71ea6fde15ee36100adf938a9d9d015	639453
4591159085	ods-sources/UBL-Signature-Entities-2.5.ods	308da4f165af3784bcb6754691c3598f829be821857ab04a03d8598e44244c79	17826
4591159085	ods-sources/UBL-Signature-Google.ods	f23fb892e560fc3d31f11715261589a3a466ef49f9650c1be060e0f708dccf64	16388
4591159085	ods-sources/skeletonDisplayEditSubset.ods	5fa076e7b161a6728623971c9d8d237162310d9658c06e57dd291c8942c4f86d	20886
4591257222	UBL-Endorsed-Entities-2.4-os.gc	68a1bc6c9243aa787c8902dcb9f7ee6ed430aea8af1da869fd9aea7da335a3c1	8365067
4591257222	UBL-Endorsed-Entities-2.5.gc	68a1bc6c9243aa787c8902dcb9f7ee6ed430aea8af1da869fd9aea7da335a3c1	8365067
4591257222	UBL-Entities-2.4-os.gc	fa441eceec11cb5ba2bb38ac76a589eccad878e691bde998f7ce017ceee90913	8234496
4591257222	UBL-Entities-2.5.gc	b62566116b2c302a37bdea8bc5b641b362cafbf8577fc656045248f1fcefca2b	8824734
4591257222	UBL-Signature-Entities-2.4-os.gc	ff52a2679b16583fd3c08be9c196ae87999c91b06c8231555a65f7bef7753957	13862
4591257222	UBL-Signature-Entities-2.5.gc	1104e26913cbddb9c1c4eb1eb742e3fc04e37af7b506e9c01dad48b3191874c6	13871
4591257222	ods-sources/UBL-Documents-Google.ods	e5a83633e8aa206fea00e173b374b907f2d34441e56d05c09f43011c8d01f7d1	911943
4591257222	ods-sources/UBL-Endorsed-Entities-2.5.ods	0b47342c426b169686c93b5438afc4a40db7c6776c98e0668361b9c35bb3341c	1670476
4591257222	ods-sources/UBL-Entities-2.5.ods	b22b6ebbae8e81f1e0f977f9f6b5e883d067c18eba5937d577e644a22ccbb2b8	1788925
4591257222	ods-sources/UBL-Library-Google.ods	6020b3460d83bbc62ef7fe7b818be6aa1b8a5b9d9363fa35c0a70cc1d64d9279	639453
4591257222	ods-sources/UBL-Signature-Entities-2.5.ods	dbfeed69cdc00447e29264ae084f4f58ffcd752246ebe1dd9105f27520b51080	17826
4591257222	ods-sources/UBL-Signature-Google.ods	31cd7ae40ce62b0fcfa94bf79f63ff22a66b8c69dabd074b74a8879ffe1ea2b8	16388
4591257222	ods-sources/skeletonDisplayEditSubset.ods	5fa076e7b161a6728623971c9d8d237162310d9658c06e57dd291c8942c4f86d	20886
4594074506	UBL-Endorsed-Entities-2.4-os.gc	68a1bc6c9243aa787c8902dcb9f7ee6ed430aea8af1da869fd9aea7da335a3c1	8365067
4594074506	UBL-Endorsed-Entities-2.5-csd01.gc	8a8c9c866f69a9eaf89eb771e6bc143fdffcf30aad9a2f31ed17a50f33dec791	5484544
4594074506	UBL-Endorsed-Entities-2.5.gc	68a1bc6c9243aa787c8902dcb9f7ee6ed430aea8af1da869fd9aea7da335a3c1	8365067
4594074506	UBL-Entities-2.4-os.gc	fa441eceec11cb5ba2bb38ac76a589eccad878e691bde998f7ce017ceee90913	8234496
4594074506	UBL-Entities-2.5-csd01.gc	e7ea4d179fda46fdce3e990440786ea83ae7b64b2f0d5da1788378664af5ec31	8060928
4594074506	UBL-Entities-2.5.gc	b62566116b2c302a37bdea8bc5b641b362cafbf8577fc656045248f1fcefca2b	8824734
4594074506	UBL-Signature-Entities-2.4-os.gc	ff52a2679b16583fd3c08be9c196ae87999c91b06c8231555a65f7bef7753957	13862
4594074506	UBL-Signature-Entities-2.5-csd01.gc	23ecf98ea7937a75a73eb56433f2146af4f6f89d566c88d83f2512b3fad50768	13871
4594074506	UBL-Signature-Entities-2.5.gc	1104e26913cbddb9c1c4eb1eb742e3fc04e37af7b506e9c01dad48b3191874c6	13871
4594074506	ods-sources/UBL-Documents-Google.ods	bd07ae95608f21c33069529eb28291c394dba1fc9b5aa4b9289573c9ab20aa50	911943
4594074506	ods-sources/UBL-Endorsed-Entities-2.5.ods	b9d38f03abe50f574f13a0015daa94ae0fa51b8226f276391fba2d608809e679	1670476
4594074506	ods-sources/UBL-Entities-2.5.ods	0b80873cfea9e7efbc2fe58a2d100af876e4a978d1b38dc308bef6ff5d5cf2b7	1788925
4594074506	ods-sources/UBL-Library-Google.ods	168e8c7d07ec2f31536105e94b668ad09f6fe979bd43bd85719156a78299f3e5	639453
4594074506	ods-sources/UBL-Signature-Entities-2.5.ods	948ad7aedd121170070d98190c800d83dfbbc18a1246c0756493f60e8413f509	17826
4594074506	ods-sources/UBL-Signature-Google.ods	cd57f8c269046bca2602ea5ccc9477113e40c3c67dfe45130f8672fda4823a92	16388
4594074506	ods-sources/skeletonDisplayEditSubset.ods	5fa076e7b161a6728623971c9d8d237162310d9658c06e57dd291c8942c4f86d	20886
4594558628	UBL-Endorsed-Entities-2.4-os.gc	68a1bc6c9243aa787c8902dcb9f7ee6ed430aea8af1da869fd9aea7da335a3c1	8365067
4594558628	UBL-Endorsed-Entities-2.5-csd01.gc	8a8c9c866f69a9eaf89eb771e6bc143fdffcf30aad9a2f31ed17a50f33dec791	5484544
4594558628	UBL-Endorsed-Entities-2.5.gc	68a1bc6c9243aa787c8902dcb9f7ee6ed430aea8af1da869fd9aea7da335a3c1	8365067
4594558628	UBL-Entities-2.4-os.gc	fa441eceec11cb5ba2bb38ac76a589eccad878e691bde998f7ce017ceee90913	8234496
4594558628	UBL-Entities-2.5-csd01.gc	e7ea4d179fda46fdce3e990440786ea83ae7b64b2f0d5da1788378664af5ec31	8060928
4594558628	UBL-Entities-2.5.gc	b62566116b2c302a37bdea8bc5b641b362cafbf8577fc656045248f1fcefca2b	8824734
4594558628	UBL-Signature-Entities-2.4-os.gc	ff52a2679b16583fd3c08be9c196ae87999c91b06c8231555a65f7bef7753957	13862
4594558628	UBL-Signature-Entities-2.5-csd01.gc	23ecf98ea7937a75a73eb56433f2146af4f6f89d566c88d83f2512b3fad50768	13871
4594558628	UBL-Signature-Entities-2.5.gc	1104e26913cbddb9c1c4eb1eb742e3fc04e37af7b506e9c01dad48b3191874c6	13871
4594558628	ods-sources/UBL-Documents-Google.ods	21dd42805ec427d3f93db16d1bfe09162fb156d16a6cf790fa4c8b5a590832b2	911943
4594558628	ods-sources/UBL-Endorsed-Entities-2.5.ods	38a273454d39addbba809a2b6fcc496329d4387c9a32a19f4577277f153cecbf	1670476
4594558628	ods-sources/UBL-Entities-2.5.ods	a8bad9f390fe4f282733f27f355e646a30ad58ca2e17899495279ef5414a173e	1788925
4594558628	ods-sources/UBL-Library-Google.ods	1862918fac8da05169c83219d33d77b0dcde7912f0fb424365e9ca91b9e05f52	639453
4594558628	ods-sources/UBL-Signature-Entities-2.5.ods	c0379e831a6959e0c98afce84dcb23f47e54973bb12c41242fe0a7ab5201b00a	17826
4594558628	ods-sources/UBL-Signature-Google.ods	b687b7b91d52e84ad27e52a73c5aea50ed6f2d8449e1a6d1305fc9c222331880	16388
4594558628	ods-sources/skeletonDisplayEditSubset.ods	5fa076e7b161a6728623971c9d8d237162310d9658c06e57dd291c8942c4f86d	20886
4595163792	UBL-Endorsed-Entities-2.4-os.gc	68a1bc6c9243aa787c8902dcb9f7ee6ed430aea8af1da869fd9aea7da335a3c1	8365067
4595163792	UBL-Endorsed-Entities-2.5-csd01.gc	8a8c9c866f69a9eaf89eb771e6bc143fdffcf30aad9a2f31ed17a50f33dec791	5484544
4595163792	UBL-Endorsed-Entities-2.5.gc	68a1bc6c9243aa787c8902dcb9f7ee6ed430aea8af1da869fd9aea7da335a3c1	8365067
4595163792	UBL-Entities-2.4-os.gc	fa441eceec11cb5ba2bb38ac76a589eccad878e691bde998f7ce017ceee90913	8234496
4595163792	UBL-Entities-2.5-csd01.gc	e7ea4d179fda46fdce3e990440786ea83ae7b64b2f0d5da1788378664af5ec31	8060928
4595163792	UBL-Entities-2.5.gc	b62566116b2c302a37bdea8bc5b641b362cafbf8577fc656045248f1fcefca2b	8824734
4595163792	UBL-Signature-Entities-2.4-os.gc	ff52a2679b16583fd3c08be9c196ae87999c91b06c8231555a65f7bef7753957	13862
4595163792	UBL-Signature-Entities-2.5-csd01.gc	23ecf98ea7937a75a73eb56433f2146af4f6f89d566c88d83f2512b3fad50768	13871
4595163792	UBL-Signature-Entities-2.5.gc	1104e26913cbddb9c1c4eb1eb742e3fc04e37af7b506e9c01dad48b3191874c6	13871
4595163792	ods-sources/UBL-Documents-Google.ods	dd2d3e5599be710dd465b1deabb1ebecebd24caf69fe15d7473702ba45fb8b16	911943
4595163792	ods-sources/UBL-Endorsed-Entities-2.5.ods	3b69b49c1c1560950e7758fbaddd88c4414777162fbb678903e06ecf79c286ce	1670476
4595163792	ods-sources/UBL-Entities-2.5.ods	0273876361bb6bedeba61ad7f25be164c4e87df7e2c211af93961fb4fc3c4d0d	1788925
4595163792	ods-sources/UBL-Library-Google.ods	41f5ffbab52c96cd151c1dae59a5ed6cb22f8290ac0db7a93c2af50952100f43	639453
4595163792	ods-sources/UBL-Signature-Entities-2.5.ods	c3ee10388b54373d02726a43d6af32df5917c8b7352789c2dc20fa98c9d6127e	17826
4595163792	ods-sources/UBL-Signature-Google.ods	825bbd346087e100317c2dbd883de86deacb4d346b2e83a4acc9cb5f5c3ab49f	16388
4595163792	ods-sources/skeletonDisplayEditSubset.ods	5fa076e7b161a6728623971c9d8d237162310d9658c06e57dd291c8942c4f86d	20886
4619385679	UBL-Endorsed-Entities-2.4-os.gc	19a9784985d517966476461618c3cff77586366219ff9e7ba2ec82311c1b28cb	8370198
4619385679	UBL-Endorsed-Entities-2.5-csd01.gc	8a8c9c866f69a9eaf89eb771e6bc143fdffcf30aad9a2f31ed17a50f33dec791	5484544
4619385679	UBL-Endorsed-Entities-2.5.gc	19a9784985d517966476461618c3cff77586366219ff9e7ba2ec82311c1b28cb	8370198
4619385679	UBL-Entities-2.4-os.gc	fa441eceec11cb5ba2bb38ac76a589eccad878e691bde998f7ce017ceee90913	8234496
4619385679	UBL-Entities-2.5-csd01.gc	e7ea4d179fda46fdce3e990440786ea83ae7b64b2f0d5da1788378664af5ec31	8060928
4619385679	UBL-Entities-2.5.gc	f3dfce2001c58934a3284498e7f39aa93b1bf761732d49fdde711fdd57570fb3	8829865
4619385679	UBL-Signature-Entities-2.4-os.gc	ff52a2679b16583fd3c08be9c196ae87999c91b06c8231555a65f7bef7753957	13862
4619385679	UBL-Signature-Entities-2.5-csd01.gc	23ecf98ea7937a75a73eb56433f2146af4f6f89d566c88d83f2512b3fad50768	13871
4619385679	UBL-Signature-Entities-2.5.gc	1104e26913cbddb9c1c4eb1eb742e3fc04e37af7b506e9c01dad48b3191874c6	13871
4619385679	ods-sources/UBL-Documents-Google.ods	7e0c15c1330f1ecd7294269ee0e5d411044974ecc8b29f336637f4804dc66250	912139
4619385679	ods-sources/UBL-Endorsed-Entities-2.5.ods	3388d84b6d6a83f2ded0431804b8d5460b6f62b8c89b03068535e90a9b9f7594	1671487
4619385679	ods-sources/UBL-Entities-2.5.ods	c7975c4216f99acb92204df65a220f76d5c08e34bcf300e50d0118095e3fc4fc	1790106
4619385679	ods-sources/UBL-Library-Google.ods	a1a5d67953b38c8577197d54c71e59f334a462d490688fdff1f1ac9ffabf4983	640288
4619385679	ods-sources/UBL-Signature-Entities-2.5.ods	274ac206b27ff25e5b32fd85cf51c76d26c8cea1d5aa7498bff86419a0497aa1	17826
4619385679	ods-sources/UBL-Signature-Google.ods	71e58a461d12c5229a3233e948cc9ae7344103c9cf518816ba23de70b29d5a5b	16387
4619385679	ods-sources/skeletonDisplayEditSubset.ods	5fa076e7b161a6728623971c9d8d237162310d9658c06e57dd291c8942c4f86d	20886
4620429376	UBL-Endorsed-Entities-2.4-os.gc	19a9784985d517966476461618c3cff77586366219ff9e7ba2ec82311c1b28cb	8370198
4620429376	UBL-Endorsed-Entities-2.5-csd01.gc	8a8c9c866f69a9eaf89eb771e6bc143fdffcf30aad9a2f31ed17a50f33dec791	5484544
4620429376	UBL-Endorsed-Entities-2.5.gc	19a9784985d517966476461618c3cff77586366219ff9e7ba2ec82311c1b28cb	8370198
4620429376	UBL-Entities-2.4-os.gc	fa441eceec11cb5ba2bb38ac76a589eccad878e691bde998f7ce017ceee90913	8234496
4620429376	UBL-Entities-2.5-csd01.gc	e7ea4d179fda46fdce3e990440786ea83ae7b64b2f0d5da1788378664af5ec31	8060928
4620429376	UBL-Entities-2.5.gc	f3dfce2001c58934a3284498e7f39aa93b1bf761732d49fdde711fdd57570fb3	8829865
4620429376	UBL-Signature-Entities-2.4-os.gc	ff52a2679b16583fd3c08be9c196ae87999c91b06c8231555a65f7bef7753957	13862
4620429376	UBL-Signature-Entities-2.5-csd01.gc	23ecf98ea7937a75a73eb56433f2146af4f6f89d566c88d83f2512b3fad50768	13871
4620429376	UBL-Signature-Entities-2.5.gc	1104e26913cbddb9c1c4eb1eb742e3fc04e37af7b506e9c01dad48b3191874c6	13871
4620429376	UBL-Documents-Google.ods	2650cda4ecccf2fbd445f447e5536a027165f821e007976996ad6d2c1811dcd7	?
4620429376	UBL-Endorsed-Entities-2.5.ods	79de349eea234b22eb41207cb6fc125877b9b91ecb3a28b748edf23b1ae0d626	?
4620429376	UBL-Entities-2.5.ods	7b1a9cc50895aaa656b34bd6d17bbeb1dec1ea8f51ecd6dddc1107d56e710808	?
4620429376	UBL-Library-Google.ods	0eab18bbc3199b138a016462a9f761b0f16c66158b8594b7aaeefbc9443bdab7	?
4620429376	UBL-Signature-Entities-2.5.ods	2f4dea51b7fd32c969fc01d641d7d2bce6f0a7b24e3ad3843fddcea74b2a7076	?
4620429376	UBL-Signature-Google.ods	1aed29ec11ddbdd7cee1e66cf29e985eec9864f3215778c7427fa55767657a08	?
4620429376	skeletonDisplayEditSubset.ods	5fa076e7b161a6728623971c9d8d237162310d9658c06e57dd291c8942c4f86d	?
4620993143	UBL-Endorsed-Entities-2.4-os.gc	19a9784985d517966476461618c3cff77586366219ff9e7ba2ec82311c1b28cb	8370198
4620993143	UBL-Endorsed-Entities-2.5-csd01.gc	8a8c9c866f69a9eaf89eb771e6bc143fdffcf30aad9a2f31ed17a50f33dec791	5484544
4620993143	UBL-Endorsed-Entities-2.5.gc	19a9784985d517966476461618c3cff77586366219ff9e7ba2ec82311c1b28cb	8370198
4620993143	UBL-Entities-2.4-os.gc	fa441eceec11cb5ba2bb38ac76a589eccad878e691bde998f7ce017ceee90913	8234496
4620993143	UBL-Entities-2.5-csd01.gc	e7ea4d179fda46fdce3e990440786ea83ae7b64b2f0d5da1788378664af5ec31	8060928
4620993143	UBL-Entities-2.5.gc	f3dfce2001c58934a3284498e7f39aa93b1bf761732d49fdde711fdd57570fb3	8829865
4620993143	UBL-Signature-Entities-2.4-os.gc	ff52a2679b16583fd3c08be9c196ae87999c91b06c8231555a65f7bef7753957	13862
4620993143	UBL-Signature-Entities-2.5-csd01.gc	23ecf98ea7937a75a73eb56433f2146af4f6f89d566c88d83f2512b3fad50768	13871
4620993143	UBL-Signature-Entities-2.5.gc	1104e26913cbddb9c1c4eb1eb742e3fc04e37af7b506e9c01dad48b3191874c6	13871
4620993143	UBL-Documents-Google.ods	3ce2579db6477d4b7a0caa4f4528fae2a0639420260b03d51e9250f8f7178a62	?
4620993143	UBL-Endorsed-Entities-2.5.ods	7b371051040a7d9fe3f4b79cf5b4b4a4b4f3b383b559c6ff34137e3f11d014bb	?
4620993143	UBL-Entities-2.5.ods	8837cc13e64540c57528b61349c358e8d00665e5da7a080d231eaa36b93b5271	?
4620993143	UBL-Library-Google.ods	7d58930f9c403c987fee748fc67b4f78224512ab7caeb2a1b51d4160df3f8eb8	?
4620993143	UBL-Signature-Entities-2.5.ods	deb69a12470d53bb4c56330f9d6a74dc31dae17e4cc3b4a1cbf5a46c1744f406	?
4620993143	UBL-Signature-Google.ods	f203e12026875fe110ba03ff98dcc7f5ad9638c541a6f8b4ccb93587509e341d	?
4620993143	skeletonDisplayEditSubset.ods	5fa076e7b161a6728623971c9d8d237162310d9658c06e57dd291c8942c4f86d	?
4621441403	UBL-Endorsed-Entities-2.4-os.gc	19a9784985d517966476461618c3cff77586366219ff9e7ba2ec82311c1b28cb	8370198
4621441403	UBL-Endorsed-Entities-2.5-csd01.gc	8a8c9c866f69a9eaf89eb771e6bc143fdffcf30aad9a2f31ed17a50f33dec791	5484544
4621441403	UBL-Endorsed-Entities-2.5.gc	19a9784985d517966476461618c3cff77586366219ff9e7ba2ec82311c1b28cb	8370198
4621441403	UBL-Entities-2.4-os.gc	fa441eceec11cb5ba2bb38ac76a589eccad878e691bde998f7ce017ceee90913	8234496
4621441403	UBL-Entities-2.5-csd01.gc	e7ea4d179fda46fdce3e990440786ea83ae7b64b2f0d5da1788378664af5ec31	8060928
4621441403	UBL-Entities-2.5.gc	f3dfce2001c58934a3284498e7f39aa93b1bf761732d49fdde711fdd57570fb3	8829865
4621441403	UBL-Signature-Entities-2.4-os.gc	ff52a2679b16583fd3c08be9c196ae87999c91b06c8231555a65f7bef7753957	13862
4621441403	UBL-Signature-Entities-2.5-csd01.gc	23ecf98ea7937a75a73eb56433f2146af4f6f89d566c88d83f2512b3fad50768	13871
4621441403	UBL-Signature-Entities-2.5.gc	1104e26913cbddb9c1c4eb1eb742e3fc04e37af7b506e9c01dad48b3191874c6	13871
4621441403	ods-sources/UBL-Documents-Google.ods	d8246d498b11274f97d927fac184103ba481e9971f71f9d0f0e5d8c220441ba1	912166
4621441403	ods-sources/UBL-Endorsed-Entities-2.5.ods	2f4eed7787b126931bee7b7d63080eea0a2ef14f7ce2a1224441ec505bc76166	1671487
4621441403	ods-sources/UBL-Entities-2.5.ods	935411999c820bfa1ff32973cb0cc9f1116341d06f561e294d6daafba892a189	1790106
4621441403	ods-sources/UBL-Library-Google.ods	597da24b2e1c1790fd95e31448948878c28eec8797950f112c9602e640ee3a35	640302
4621441403	ods-sources/UBL-Signature-Entities-2.5.ods	eadade8704f1c87fddb5fc6a411c6f7d2b7db0c5a248394e688a6812714999ab	17826
4621441403	ods-sources/UBL-Signature-Google.ods	b324104b4f625a21153609a7d2eb4c18b5ed09d43aa30d9df4068c0b4fb9e163	16387
4621441403	ods-sources/skeletonDisplayEditSubset.ods	5fa076e7b161a6728623971c9d8d237162310d9658c06e57dd291c8942c4f86d	20886
4626371666	UBL-Endorsed-Entities-2.4-os.gc	19a9784985d517966476461618c3cff77586366219ff9e7ba2ec82311c1b28cb	8370198
4626371666	UBL-Endorsed-Entities-2.5-csd01.gc	8a8c9c866f69a9eaf89eb771e6bc143fdffcf30aad9a2f31ed17a50f33dec791	5484544
4626371666	UBL-Endorsed-Entities-2.5.gc	19a9784985d517966476461618c3cff77586366219ff9e7ba2ec82311c1b28cb	8370198
4626371666	UBL-Entities-2.4-os.gc	fa441eceec11cb5ba2bb38ac76a589eccad878e691bde998f7ce017ceee90913	8234496
4626371666	UBL-Entities-2.5-csd01.gc	e7ea4d179fda46fdce3e990440786ea83ae7b64b2f0d5da1788378664af5ec31	8060928
4626371666	UBL-Entities-2.5.gc	f3dfce2001c58934a3284498e7f39aa93b1bf761732d49fdde711fdd57570fb3	8829865
4626371666	UBL-Signature-Entities-2.4-os.gc	ff52a2679b16583fd3c08be9c196ae87999c91b06c8231555a65f7bef7753957	13862
4626371666	UBL-Signature-Entities-2.5-csd01.gc	23ecf98ea7937a75a73eb56433f2146af4f6f89d566c88d83f2512b3fad50768	13871
4626371666	UBL-Signature-Entities-2.5.gc	1104e26913cbddb9c1c4eb1eb742e3fc04e37af7b506e9c01dad48b3191874c6	13871
4626371666	ods-sources/UBL-Documents-Google.ods	7597cc08929b0242603ce118de87287f09c01ab7903a7dd6b9a67cb94f1bba21	912166
4626371666	ods-sources/UBL-Endorsed-Entities-2.5.ods	8cf1a45a456d122614845b4966ae83bddc79d4dcf4278d3a9bc744aac9530fa1	1671487
4626371666	ods-sources/UBL-Entities-2.5.ods	f4275ff7fefeb45e94124723cee646a024166299e46710aca884d653abac976c	1790106
4626371666	ods-sources/UBL-Library-Google.ods	2207fdc04a6ae26b8357578396e7156b0cd575c3376717e4305b921cc606da81	640302
4626371666	ods-sources/UBL-Signature-Entities-2.5.ods	cc300a49ec1ae1f42e30aa65b310e8d87a5e35e2f97c289eaf1b85341bd05e82	17826
4626371666	ods-sources/UBL-Signature-Google.ods	dbc9007454b2c6393f01ada64e10f99f85b8363670f13c06c4f05b586c647b0e	16387
4626371666	ods-sources/skeletonDisplayEditSubset.ods	5fa076e7b161a6728623971c9d8d237162310d9658c06e57dd291c8942c4f86d	20886
4628183442	UBL-Endorsed-Entities-2.4-os.gc	44f99acde7b8e1be5eb64d464a4d3460fb8a5a4a27c09b8ea625478950084fde	8436534
4628183442	UBL-Endorsed-Entities-2.5-csd01.gc	8a8c9c866f69a9eaf89eb771e6bc143fdffcf30aad9a2f31ed17a50f33dec791	5484544
4628183442	UBL-Endorsed-Entities-2.5.gc	44f99acde7b8e1be5eb64d464a4d3460fb8a5a4a27c09b8ea625478950084fde	8436534
4628183442	UBL-Entities-2.4-os.gc	fa441eceec11cb5ba2bb38ac76a589eccad878e691bde998f7ce017ceee90913	8234496
4628183442	UBL-Entities-2.5-csd01.gc	e7ea4d179fda46fdce3e990440786ea83ae7b64b2f0d5da1788378664af5ec31	8060928
4628183442	UBL-Entities-2.5.gc	7b5a425c2b2f60036478c14c6e12bf7d69e0c17461612d653b47888ce5b0e858	8896201
4628183442	UBL-Signature-Entities-2.4-os.gc	ff52a2679b16583fd3c08be9c196ae87999c91b06c8231555a65f7bef7753957	13862
4628183442	UBL-Signature-Entities-2.5-csd01.gc	23ecf98ea7937a75a73eb56433f2146af4f6f89d566c88d83f2512b3fad50768	13871
4628183442	UBL-Signature-Entities-2.5.gc	1104e26913cbddb9c1c4eb1eb742e3fc04e37af7b506e9c01dad48b3191874c6	13871
4628183442	ods-sources/UBL-Documents-Google.ods	5c4d920282b59a69cbf69e696d9685ff9b1d57976a3d719766b527efd5081319	930888
4628183442	ods-sources/UBL-Library-Google.ods	3f902ae92ce565c147766f9f64196c5756f755b4600075cb09a386c0907cf3e0	640302
4628183442	ods-sources/UBL-Signature-Google.ods	31410d818612f329ca3ee0a00d8ea57d939e3c527879bcd7a40c7aad251af790	16387
4628183442	ods-sources/skeletonDisplayEditSubset.ods	5fa076e7b161a6728623971c9d8d237162310d9658c06e57dd291c8942c4f86d	20886
4628269333	UBL-Endorsed-Entities-2.4-os.gc	44f99acde7b8e1be5eb64d464a4d3460fb8a5a4a27c09b8ea625478950084fde	8436534
4628269333	UBL-Endorsed-Entities-2.5-csd01.gc	8a8c9c866f69a9eaf89eb771e6bc143fdffcf30aad9a2f31ed17a50f33dec791	5484544
4628269333	UBL-Endorsed-Entities-2.5.gc	44f99acde7b8e1be5eb64d464a4d3460fb8a5a4a27c09b8ea625478950084fde	8436534
4628269333	UBL-Entities-2.4-os.gc	fa441eceec11cb5ba2bb38ac76a589eccad878e691bde998f7ce017ceee90913	8234496
4628269333	UBL-Entities-2.5-csd01.gc	e7ea4d179fda46fdce3e990440786ea83ae7b64b2f0d5da1788378664af5ec31	8060928
4628269333	UBL-Entities-2.5.gc	7b5a425c2b2f60036478c14c6e12bf7d69e0c17461612d653b47888ce5b0e858	8896201
4628269333	UBL-Signature-Entities-2.4-os.gc	ff52a2679b16583fd3c08be9c196ae87999c91b06c8231555a65f7bef7753957	13862
4628269333	UBL-Signature-Entities-2.5-csd01.gc	23ecf98ea7937a75a73eb56433f2146af4f6f89d566c88d83f2512b3fad50768	13871
4628269333	UBL-Signature-Entities-2.5.gc	1104e26913cbddb9c1c4eb1eb742e3fc04e37af7b506e9c01dad48b3191874c6	13871
4628269333	UBL-Documents-Google.ods	95e238226ec8c86bcb7441992b710ad6688faf88776f1b313cedb9fdd6a71cb8	?
4628269333	UBL-Library-Google.ods	597d947091c3307c8c5e3a7b13b8e6d525a80f918b0820f7325693086afe1f3a	?
4628269333	UBL-Signature-Google.ods	8cb4455a5cb77f555bb7f49f6f5e852dda1c8fe6a7aef2f12a5cffa72d39b95f	?
4628269333	skeletonDisplayEditSubset.ods	5fa076e7b161a6728623971c9d8d237162310d9658c06e57dd291c8942c4f86d	?
4628889619	UBL-Endorsed-Entities-2.4-os.gc	3e3c0ddda6d6e97bd0409640918c8eee22469bee8e1a7d9503ab3b5b5f6673df	8436538
4628889619	UBL-Endorsed-Entities-2.5-csd01.gc	8a8c9c866f69a9eaf89eb771e6bc143fdffcf30aad9a2f31ed17a50f33dec791	5484544
4628889619	UBL-Endorsed-Entities-2.5.gc	3e3c0ddda6d6e97bd0409640918c8eee22469bee8e1a7d9503ab3b5b5f6673df	8436538
4628889619	UBL-Entities-2.4-os.gc	fa441eceec11cb5ba2bb38ac76a589eccad878e691bde998f7ce017ceee90913	8234496
4628889619	UBL-Entities-2.5-csd01.gc	e7ea4d179fda46fdce3e990440786ea83ae7b64b2f0d5da1788378664af5ec31	8060928
4628889619	UBL-Entities-2.5.gc	44b5b8e890ecc6e0fbd7725817a7439cab35f07d4b294a21b71e25a96bc2f13d	8896205
4628889619	UBL-Signature-Entities-2.4-os.gc	ff52a2679b16583fd3c08be9c196ae87999c91b06c8231555a65f7bef7753957	13862
4628889619	UBL-Signature-Entities-2.5-csd01.gc	23ecf98ea7937a75a73eb56433f2146af4f6f89d566c88d83f2512b3fad50768	13871
4628889619	UBL-Signature-Entities-2.5.gc	1104e26913cbddb9c1c4eb1eb742e3fc04e37af7b506e9c01dad48b3191874c6	13871
4628889619	UBL-Documents-Google.ods	0b80cfef88df79754dfe4c05fd9bf62bc8e4b1c27495e549d6edd05fc8d56df3	?
4628889619	UBL-Endorsed-Entities-2.5.ods	6347715efd055c48f3c1e8562a599018db4deb3f84e640304dbafacf81287488	?
4628889619	UBL-Entities-2.5.ods	66b0b5106e14c07aadfee6e5a1607d5b0f585ec6bd3cb9a47c06f828a78f80a8	?
4628889619	UBL-Library-Google.ods	dc637340688037227bc01f50721ad46617a5dc927f265a59233c32cb778a7bcb	?
4628889619	UBL-Signature-Entities-2.5.ods	1fc01a42f91de0d43754563a478b822bda9d85b879065dc9ee626d6d03a02588	?
4628889619	UBL-Signature-Google.ods	bfac9fa53b2e6c7c3f14651b592faf7dcdd931a413d4e3673e9e6315e7c62207	?
4628889619	skeletonDisplayEditSubset.ods	5fa076e7b161a6728623971c9d8d237162310d9658c06e57dd291c8942c4f86d	?
4630563293	UBL-Endorsed-Entities-2.4-os.gc	3e3c0ddda6d6e97bd0409640918c8eee22469bee8e1a7d9503ab3b5b5f6673df	8436538
4630563293	UBL-Endorsed-Entities-2.5-csd01.gc	8a8c9c866f69a9eaf89eb771e6bc143fdffcf30aad9a2f31ed17a50f33dec791	5484544
4630563293	UBL-Endorsed-Entities-2.5.gc	3e3c0ddda6d6e97bd0409640918c8eee22469bee8e1a7d9503ab3b5b5f6673df	8436538
4630563293	UBL-Entities-2.4-os.gc	fa441eceec11cb5ba2bb38ac76a589eccad878e691bde998f7ce017ceee90913	8234496
4630563293	UBL-Entities-2.5-csd01.gc	e7ea4d179fda46fdce3e990440786ea83ae7b64b2f0d5da1788378664af5ec31	8060928
4630563293	UBL-Entities-2.5.gc	44b5b8e890ecc6e0fbd7725817a7439cab35f07d4b294a21b71e25a96bc2f13d	8896205
4630563293	UBL-Signature-Entities-2.4-os.gc	ff52a2679b16583fd3c08be9c196ae87999c91b06c8231555a65f7bef7753957	13862
4630563293	UBL-Signature-Entities-2.5-csd01.gc	23ecf98ea7937a75a73eb56433f2146af4f6f89d566c88d83f2512b3fad50768	13871
4630563293	UBL-Signature-Entities-2.5.gc	1104e26913cbddb9c1c4eb1eb742e3fc04e37af7b506e9c01dad48b3191874c6	13871
4630563293	UBL-Documents-Google.ods	ff4b5e682a41577a6481cc9f3a2cda233fe2b8c10444f659ae70439a53e77bb8	?
4630563293	UBL-Endorsed-Entities-2.5.ods	56ae9899051e46d798c13201c1f0c300484749bc2af1f63ff06a445bb6b6bf94	?
4630563293	UBL-Entities-2.5.ods	6156e0cd7bc9e58b5b3bf9966f6e7edf5b1d3814605f81b481ba7b7fb0705605	?
4630563293	UBL-Library-Google.ods	2d3da68b798726f9d46971d87fcb818cbe4cf65f282d095f48c6f45c2e9c1d5f	?
4630563293	UBL-Signature-Entities-2.5.ods	7a779b3c528c259d6f218fb9b3df16cbbd297357d9142b8b9fef72eaf8636ca0	?
4630563293	UBL-Signature-Google.ods	19c4b84e5a00300218539cfe67226e2c9fd19c53b1e6885f1edda53368523e5b	?
4630563293	skeletonDisplayEditSubset.ods	5fa076e7b161a6728623971c9d8d237162310d9658c06e57dd291c8942c4f86d	?
4630655623	UBL-Endorsed-Entities-2.4-os.gc	3e3c0ddda6d6e97bd0409640918c8eee22469bee8e1a7d9503ab3b5b5f6673df	8436538
4630655623	UBL-Endorsed-Entities-2.5-csd01.gc	8a8c9c866f69a9eaf89eb771e6bc143fdffcf30aad9a2f31ed17a50f33dec791	5484544
4630655623	UBL-Endorsed-Entities-2.5.gc	3e3c0ddda6d6e97bd0409640918c8eee22469bee8e1a7d9503ab3b5b5f6673df	8436538
4630655623	UBL-Entities-2.4-os.gc	fa441eceec11cb5ba2bb38ac76a589eccad878e691bde998f7ce017ceee90913	8234496
4630655623	UBL-Entities-2.5-csd01.gc	e7ea4d179fda46fdce3e990440786ea83ae7b64b2f0d5da1788378664af5ec31	8060928
4630655623	UBL-Entities-2.5.gc	44b5b8e890ecc6e0fbd7725817a7439cab35f07d4b294a21b71e25a96bc2f13d	8896205
4630655623	UBL-Signature-Entities-2.4-os.gc	ff52a2679b16583fd3c08be9c196ae87999c91b06c8231555a65f7bef7753957	13862
4630655623	UBL-Signature-Entities-2.5-csd01.gc	23ecf98ea7937a75a73eb56433f2146af4f6f89d566c88d83f2512b3fad50768	13871
4630655623	UBL-Signature-Entities-2.5.gc	1104e26913cbddb9c1c4eb1eb742e3fc04e37af7b506e9c01dad48b3191874c6	13871
4630655623	UBL-Documents-Google.ods	6d50e5f031affe3d3a4cccc45c0b2de831d85823adce63107fed71731500a9e2	?
4630655623	UBL-Endorsed-Entities-2.5.ods	974cd3199dccec9443607ee58305a094c6d9e9a45710d829ace0219b9ce9bdff	?
4630655623	UBL-Entities-2.5.ods	0d94fdd13938138e69580e08a5d5043bcd07833f76e344b4b267e4d6e193e7c6	?
4630655623	UBL-Library-Google.ods	3ce6d3aab23feb10d0cae46871664b6c27a3e57158755635c7536418d6325eb0	?
4630655623	UBL-Signature-Entities-2.5.ods	ac9f148185bae741d1fbe21cb9e0bf7d7db0d3c3359ef0f60daab8fd2eac4e20	?
4630655623	UBL-Signature-Google.ods	b7ba167be3f0f86a655d4b0c6fd1ed81fcc85b8cc434335a495aaf761f23f7f3	?
4630655623	skeletonDisplayEditSubset.ods	5fa076e7b161a6728623971c9d8d237162310d9658c06e57dd291c8942c4f86d	?
4630674627	UBL-Endorsed-Entities-2.4-os.gc	3e3c0ddda6d6e97bd0409640918c8eee22469bee8e1a7d9503ab3b5b5f6673df	8436538
4630674627	UBL-Endorsed-Entities-2.5-csd01.gc	8a8c9c866f69a9eaf89eb771e6bc143fdffcf30aad9a2f31ed17a50f33dec791	5484544
4630674627	UBL-Endorsed-Entities-2.5.gc	3e3c0ddda6d6e97bd0409640918c8eee22469bee8e1a7d9503ab3b5b5f6673df	8436538
4630674627	UBL-Entities-2.4-os.gc	fa441eceec11cb5ba2bb38ac76a589eccad878e691bde998f7ce017ceee90913	8234496
4630674627	UBL-Entities-2.5-csd01.gc	e7ea4d179fda46fdce3e990440786ea83ae7b64b2f0d5da1788378664af5ec31	8060928
4630674627	UBL-Entities-2.5.gc	44b5b8e890ecc6e0fbd7725817a7439cab35f07d4b294a21b71e25a96bc2f13d	8896205
4630674627	UBL-Signature-Entities-2.4-os.gc	ff52a2679b16583fd3c08be9c196ae87999c91b06c8231555a65f7bef7753957	13862
4630674627	UBL-Signature-Entities-2.5-csd01.gc	23ecf98ea7937a75a73eb56433f2146af4f6f89d566c88d83f2512b3fad50768	13871
4630674627	UBL-Signature-Entities-2.5.gc	1104e26913cbddb9c1c4eb1eb742e3fc04e37af7b506e9c01dad48b3191874c6	13871
4630674627	UBL-Documents-Google.ods	54ba0b3621ab7d681d2c38dd0a7875c881b4aec316814627de6ef9fcd3f61508	?
4630674627	UBL-Endorsed-Entities-2.5.ods	aedd49a9dd8d960b265b0c9995576d21ac60a64365424d4416702af7c4e34fc7	?
4630674627	UBL-Entities-2.5.ods	3abc59dd8f28e70c2b3822c33e66f483e3bc90a5bff3014b5ca5dc627dba7a97	?
4630674627	UBL-Library-Google.ods	afbadc45ac69bea2a667c05908fd1fb393c1e81a31e65e3f67f1d182df2d4260	?
4630674627	UBL-Signature-Entities-2.5.ods	db1bd240c0b4b29e173f79c7f848a02f81c75ac10bb1fdb0f68e844f156a9d54	?
4630674627	UBL-Signature-Google.ods	42b0a170c6f66a89709c7f6b5737f5a00833266c552023d50160b8ddc3118591	?
4630674627	skeletonDisplayEditSubset.ods	5fa076e7b161a6728623971c9d8d237162310d9658c06e57dd291c8942c4f86d	?
4631135968	UBL-Endorsed-Entities-2.4-os.gc	3e3c0ddda6d6e97bd0409640918c8eee22469bee8e1a7d9503ab3b5b5f6673df	8436538
4631135968	UBL-Endorsed-Entities-2.5-csd01.gc	8a8c9c866f69a9eaf89eb771e6bc143fdffcf30aad9a2f31ed17a50f33dec791	5484544
4631135968	UBL-Endorsed-Entities-2.5.gc	3e3c0ddda6d6e97bd0409640918c8eee22469bee8e1a7d9503ab3b5b5f6673df	8436538
4631135968	UBL-Entities-2.4-os.gc	fa441eceec11cb5ba2bb38ac76a589eccad878e691bde998f7ce017ceee90913	8234496
4631135968	UBL-Entities-2.5-csd01.gc	e7ea4d179fda46fdce3e990440786ea83ae7b64b2f0d5da1788378664af5ec31	8060928
4631135968	UBL-Entities-2.5.gc	44b5b8e890ecc6e0fbd7725817a7439cab35f07d4b294a21b71e25a96bc2f13d	8896205
4631135968	UBL-Signature-Entities-2.4-os.gc	ff52a2679b16583fd3c08be9c196ae87999c91b06c8231555a65f7bef7753957	13862
4631135968	UBL-Signature-Entities-2.5-csd01.gc	23ecf98ea7937a75a73eb56433f2146af4f6f89d566c88d83f2512b3fad50768	13871
4631135968	UBL-Signature-Entities-2.5.gc	1104e26913cbddb9c1c4eb1eb742e3fc04e37af7b506e9c01dad48b3191874c6	13871
4631135968	UBL-Documents-Google.ods	b8de356ad4e577490c0fad2279670a3564bf8f3c51d94b65f6c8ac83cefa54e2	?
4631135968	UBL-Endorsed-Entities-2.5.ods	89fd92702ad1e33a6bd3e600ec37332ad4de3cf8abba4be3743e9ac5c5e6ba7d	?
4631135968	UBL-Entities-2.5.ods	b1960cde8fe2351244dfb1dda56cf8734c88e5baefbca8352e2b0a137d17156a	?
4631135968	UBL-Library-Google.ods	006cca876d6001bf2f37bcb1bd66aff3c9cac68ebb3377247182e071339e777a	?
4631135968	UBL-Signature-Entities-2.5.ods	51aa14dc524ef2292ec751f01f245176be668dcc5d1a1215071399326a0e838b	?
4631135968	UBL-Signature-Google.ods	757cef81315ab2af684570c5e003d5a3d29639b0ab565b41919732791ec04bf9	?
4631135968	skeletonDisplayEditSubset.ods	5fa076e7b161a6728623971c9d8d237162310d9658c06e57dd291c8942c4f86d	?
4631203120	UBL-Endorsed-Entities-2.4-os.gc	3e3c0ddda6d6e97bd0409640918c8eee22469bee8e1a7d9503ab3b5b5f6673df	8436538
4631203120	UBL-Endorsed-Entities-2.5-csd01.gc	8a8c9c866f69a9eaf89eb771e6bc143fdffcf30aad9a2f31ed17a50f33dec791	5484544
4631203120	UBL-Endorsed-Entities-2.5.gc	3e3c0ddda6d6e97bd0409640918c8eee22469bee8e1a7d9503ab3b5b5f6673df	8436538
4631203120	UBL-Entities-2.4-os.gc	fa441eceec11cb5ba2bb38ac76a589eccad878e691bde998f7ce017ceee90913	8234496
4631203120	UBL-Entities-2.5-csd01.gc	e7ea4d179fda46fdce3e990440786ea83ae7b64b2f0d5da1788378664af5ec31	8060928
4631203120	UBL-Entities-2.5.gc	44b5b8e890ecc6e0fbd7725817a7439cab35f07d4b294a21b71e25a96bc2f13d	8896205
4631203120	UBL-Signature-Entities-2.4-os.gc	ff52a2679b16583fd3c08be9c196ae87999c91b06c8231555a65f7bef7753957	13862
4631203120	UBL-Signature-Entities-2.5-csd01.gc	23ecf98ea7937a75a73eb56433f2146af4f6f89d566c88d83f2512b3fad50768	13871
4631203120	UBL-Signature-Entities-2.5.gc	1104e26913cbddb9c1c4eb1eb742e3fc04e37af7b506e9c01dad48b3191874c6	13871
4631203120	UBL-Documents-Google.ods	6116a336537dd8b13448febe9c42872c0877cd1a670aae89924df9b062906c4f	?
4631203120	UBL-Endorsed-Entities-2.5.ods	26d91dc601b5fecaa99049e176728b53c603d1c31e9f6cb5344faaee7a1d7a00	?
4631203120	UBL-Entities-2.5.ods	94ef03dc9d8260d0d47c02a723f42cf0f1563f96c6e315fdfab97db381023268	?
4631203120	UBL-Library-Google.ods	889088fc359ae0ccd3a0b47d3b04dc5a4c7b43afe075834630f38fdd174782a9	?
4631203120	UBL-Signature-Entities-2.5.ods	c6869f69d73a6c983749ed434c1e2b2ed1ae0822a6e5d0f07b79042ed88d65bc	?
4631203120	UBL-Signature-Google.ods	3eeded42e4af5f1dc00525837a122117ceffe76d0582755fd67fe8eea3953f10	?
4631203120	skeletonDisplayEditSubset.ods	5fa076e7b161a6728623971c9d8d237162310d9658c06e57dd291c8942c4f86d	?
4631205480	UBL-Endorsed-Entities-2.4-os.gc	3e3c0ddda6d6e97bd0409640918c8eee22469bee8e1a7d9503ab3b5b5f6673df	8436538
4631205480	UBL-Endorsed-Entities-2.5-csd01.gc	8a8c9c866f69a9eaf89eb771e6bc143fdffcf30aad9a2f31ed17a50f33dec791	5484544
4631205480	UBL-Endorsed-Entities-2.5.gc	3e3c0ddda6d6e97bd0409640918c8eee22469bee8e1a7d9503ab3b5b5f6673df	8436538
4631205480	UBL-Entities-2.4-os.gc	fa441eceec11cb5ba2bb38ac76a589eccad878e691bde998f7ce017ceee90913	8234496
4631205480	UBL-Entities-2.5-csd01.gc	e7ea4d179fda46fdce3e990440786ea83ae7b64b2f0d5da1788378664af5ec31	8060928
4631205480	UBL-Entities-2.5.gc	44b5b8e890ecc6e0fbd7725817a7439cab35f07d4b294a21b71e25a96bc2f13d	8896205
4631205480	UBL-Signature-Entities-2.4-os.gc	ff52a2679b16583fd3c08be9c196ae87999c91b06c8231555a65f7bef7753957	13862
4631205480	UBL-Signature-Entities-2.5-csd01.gc	23ecf98ea7937a75a73eb56433f2146af4f6f89d566c88d83f2512b3fad50768	13871
4631205480	UBL-Signature-Entities-2.5.gc	1104e26913cbddb9c1c4eb1eb742e3fc04e37af7b506e9c01dad48b3191874c6	13871
4631205480	UBL-Documents-Google.ods	02b1af87f1419170b0a43e645a36a7f98b6380e27e0499686c700f5887e43c31	?
4631205480	UBL-Endorsed-Entities-2.5.ods	65ea82b312bfc38bea0fc4637b6510fc92d06e23cc60f32cf53b6b3bbccd00a7	?
4631205480	UBL-Entities-2.5.ods	2137281b5eb19e19b9d4fe02bb81a02b65c7d21e0f6efc0ad1a0bce5ca7af9c3	?
4631205480	UBL-Library-Google.ods	e3d83891ee53ccd84fb6b6b6f62b910337b1097c18fb7a11935a4e46e1ed0ecf	?
4631205480	UBL-Signature-Entities-2.5.ods	a8681297ba0670a8be66ec1422922a473669ac907f64ca5659b1b506a1909b77	?
4631205480	UBL-Signature-Google.ods	4ba8cd4533db934a779421abe31791f0d0795b1cfdd4a5a7d68d7836016cae8d	?
4631205480	skeletonDisplayEditSubset.ods	5fa076e7b161a6728623971c9d8d237162310d9658c06e57dd291c8942c4f86d	?
4631223253	UBL-Endorsed-Entities-2.4-os.gc	3e3c0ddda6d6e97bd0409640918c8eee22469bee8e1a7d9503ab3b5b5f6673df	8436538
4631223253	UBL-Endorsed-Entities-2.5-csd01.gc	8a8c9c866f69a9eaf89eb771e6bc143fdffcf30aad9a2f31ed17a50f33dec791	5484544
4631223253	UBL-Endorsed-Entities-2.5.gc	3e3c0ddda6d6e97bd0409640918c8eee22469bee8e1a7d9503ab3b5b5f6673df	8436538
4631223253	UBL-Entities-2.4-os.gc	fa441eceec11cb5ba2bb38ac76a589eccad878e691bde998f7ce017ceee90913	8234496
4631223253	UBL-Entities-2.5-csd01.gc	e7ea4d179fda46fdce3e990440786ea83ae7b64b2f0d5da1788378664af5ec31	8060928
4631223253	UBL-Entities-2.5.gc	44b5b8e890ecc6e0fbd7725817a7439cab35f07d4b294a21b71e25a96bc2f13d	8896205
4631223253	UBL-Signature-Entities-2.4-os.gc	ff52a2679b16583fd3c08be9c196ae87999c91b06c8231555a65f7bef7753957	13862
4631223253	UBL-Signature-Entities-2.5-csd01.gc	23ecf98ea7937a75a73eb56433f2146af4f6f89d566c88d83f2512b3fad50768	13871
4631223253	UBL-Signature-Entities-2.5.gc	1104e26913cbddb9c1c4eb1eb742e3fc04e37af7b506e9c01dad48b3191874c6	13871
4631223253	UBL-Documents-Google.ods	e0861703ef1268a993831478b6c65c7a8a6b377f635649b485b7f2828035b124	?
4631223253	UBL-Endorsed-Entities-2.5.ods	491e9335a4813ae22dfd24bbf4a399526efe9eaf2265353a536bd46219d765cd	?
4631223253	UBL-Entities-2.5.ods	ec2d47af116899158718785daac574947d68c635a3830246ae7ebdda22647c75	?
4631223253	UBL-Library-Google.ods	1269da35723c3d200090cd005a1198fd4743a34c213b79c71132043536b99e52	?
4631223253	UBL-Signature-Entities-2.5.ods	4988cca9a214a55ea599e869033343df6a5d0323705f34a0e47717dc6e23659c	?
4631223253	UBL-Signature-Google.ods	a302c90bea1d29e55acabab20a676178f5e06178a2de60c991c8d5669489782b	?
4631223253	skeletonDisplayEditSubset.ods	5fa076e7b161a6728623971c9d8d237162310d9658c06e57dd291c8942c4f86d	?
4631258889	UBL-Endorsed-Entities-2.4-os.gc	3e3c0ddda6d6e97bd0409640918c8eee22469bee8e1a7d9503ab3b5b5f6673df	8436538
4631258889	UBL-Endorsed-Entities-2.5-csd01.gc	8a8c9c866f69a9eaf89eb771e6bc143fdffcf30aad9a2f31ed17a50f33dec791	5484544
4631258889	UBL-Endorsed-Entities-2.5.gc	3e3c0ddda6d6e97bd0409640918c8eee22469bee8e1a7d9503ab3b5b5f6673df	8436538
4631258889	UBL-Entities-2.4-os.gc	fa441eceec11cb5ba2bb38ac76a589eccad878e691bde998f7ce017ceee90913	8234496
4631258889	UBL-Entities-2.5-csd01.gc	e7ea4d179fda46fdce3e990440786ea83ae7b64b2f0d5da1788378664af5ec31	8060928
4631258889	UBL-Entities-2.5.gc	44b5b8e890ecc6e0fbd7725817a7439cab35f07d4b294a21b71e25a96bc2f13d	8896205
4631258889	UBL-Signature-Entities-2.4-os.gc	ff52a2679b16583fd3c08be9c196ae87999c91b06c8231555a65f7bef7753957	13862
4631258889	UBL-Signature-Entities-2.5-csd01.gc	23ecf98ea7937a75a73eb56433f2146af4f6f89d566c88d83f2512b3fad50768	13871
4631258889	UBL-Signature-Entities-2.5.gc	1104e26913cbddb9c1c4eb1eb742e3fc04e37af7b506e9c01dad48b3191874c6	13871
4631258889	UBL-Documents-Google.ods	19046b15ae645e30950e0a9672a9bd80e1011b002445397a28a3de9e5adf4122	?
4631258889	UBL-Endorsed-Entities-2.5.ods	a4113a36111183230edd02aa6bb00c87101990e29810b6aaead7a9e152b07a6a	?
4631258889	UBL-Entities-2.5.ods	30b8f29e490280e2a4e7302616a2625fbd829ce5dd2cc46315bb675df083deac	?
4631258889	UBL-Library-Google.ods	6457685830cfdc304add6b9699552501d64e91e0849920e4b67f29824ee5aa8a	?
4631258889	UBL-Signature-Entities-2.5.ods	e1ca8b21d2128366bc418241ea9b705d41525ce078d2c1870e641c65e8b5f4e7	?
4631258889	UBL-Signature-Google.ods	6c0142793ffaea78a572c73c867026e768f8432e82d8ce6afe49062db2f5395f	?
4631258889	skeletonDisplayEditSubset.ods	5fa076e7b161a6728623971c9d8d237162310d9658c06e57dd291c8942c4f86d	?
4631258913	UBL-Endorsed-Entities-2.4-os.gc	3e3c0ddda6d6e97bd0409640918c8eee22469bee8e1a7d9503ab3b5b5f6673df	8436538
4631258913	UBL-Endorsed-Entities-2.5-csd01.gc	8a8c9c866f69a9eaf89eb771e6bc143fdffcf30aad9a2f31ed17a50f33dec791	5484544
4631258913	UBL-Endorsed-Entities-2.5.gc	3e3c0ddda6d6e97bd0409640918c8eee22469bee8e1a7d9503ab3b5b5f6673df	8436538
4631258913	UBL-Entities-2.4-os.gc	fa441eceec11cb5ba2bb38ac76a589eccad878e691bde998f7ce017ceee90913	8234496
4631258913	UBL-Entities-2.5-csd01.gc	e7ea4d179fda46fdce3e990440786ea83ae7b64b2f0d5da1788378664af5ec31	8060928
4631258913	UBL-Entities-2.5.gc	44b5b8e890ecc6e0fbd7725817a7439cab35f07d4b294a21b71e25a96bc2f13d	8896205
4631258913	UBL-Signature-Entities-2.4-os.gc	ff52a2679b16583fd3c08be9c196ae87999c91b06c8231555a65f7bef7753957	13862
4631258913	UBL-Signature-Entities-2.5-csd01.gc	23ecf98ea7937a75a73eb56433f2146af4f6f89d566c88d83f2512b3fad50768	13871
4631258913	UBL-Signature-Entities-2.5.gc	1104e26913cbddb9c1c4eb1eb742e3fc04e37af7b506e9c01dad48b3191874c6	13871
4631258913	UBL-Documents-Google.ods	96656f5bace1cf824a5469c6596ed68ec01be91c2386fc439a4a8c64e2a01969	?
4631258913	UBL-Endorsed-Entities-2.5.ods	dfc6cb23985c5a5e62be5424ac6055e87a45f891ee50cb3ac1182bcae36ae396	?
4631258913	UBL-Entities-2.5.ods	52f450ecbbcb1ca1870c2996a30e06fd4c02000f9d07bd67e062ee8c2e769a68	?
4631258913	UBL-Library-Google.ods	3c31688dbd19ea23683f780cd3ce1fb391fc7e33fc21dc4c838c02669d1f6920	?
4631258913	UBL-Signature-Entities-2.5.ods	30c9b8a621399fb08520c8cbe133a0fa6fa999d38ac3f98524e642775804623b	?
4631258913	UBL-Signature-Google.ods	08cb3de177937ae501503c4d56e359d6e0b5aade2a708931f3ac40ec7642c947	?
4631258913	skeletonDisplayEditSubset.ods	5fa076e7b161a6728623971c9d8d237162310d9658c06e57dd291c8942c4f86d	?
4631298820	UBL-Endorsed-Entities-2.4-os.gc	3e3c0ddda6d6e97bd0409640918c8eee22469bee8e1a7d9503ab3b5b5f6673df	8436538
4631298820	UBL-Endorsed-Entities-2.5-csd01.gc	8a8c9c866f69a9eaf89eb771e6bc143fdffcf30aad9a2f31ed17a50f33dec791	5484544
4631298820	UBL-Endorsed-Entities-2.5.gc	3e3c0ddda6d6e97bd0409640918c8eee22469bee8e1a7d9503ab3b5b5f6673df	8436538
4631298820	UBL-Entities-2.4-os.gc	fa441eceec11cb5ba2bb38ac76a589eccad878e691bde998f7ce017ceee90913	8234496
4631298820	UBL-Entities-2.5-csd01.gc	e7ea4d179fda46fdce3e990440786ea83ae7b64b2f0d5da1788378664af5ec31	8060928
4631298820	UBL-Entities-2.5.gc	44b5b8e890ecc6e0fbd7725817a7439cab35f07d4b294a21b71e25a96bc2f13d	8896205
4631298820	UBL-Signature-Entities-2.4-os.gc	ff52a2679b16583fd3c08be9c196ae87999c91b06c8231555a65f7bef7753957	13862
4631298820	UBL-Signature-Entities-2.5-csd01.gc	23ecf98ea7937a75a73eb56433f2146af4f6f89d566c88d83f2512b3fad50768	13871
4631298820	UBL-Signature-Entities-2.5.gc	1104e26913cbddb9c1c4eb1eb742e3fc04e37af7b506e9c01dad48b3191874c6	13871
4631298820	UBL-Documents-Google.ods	c743f1031e7e85af6c3074629f964cd423de78c17934263265a5be2a3e8ef00d	?
4631298820	UBL-Endorsed-Entities-2.5.ods	cbc35078ed74f68afeb886c65acfe3632a90344c532e8cfb8216ad9303d1f9ba	?
4631298820	UBL-Entities-2.5.ods	e722fe9dd9012e2e9719b46f3eabbc0bdb136f686a0adf0b8b8fb713ef5be2fc	?
4631298820	UBL-Library-Google.ods	0cfcc3c8f2aa6da0c1d365d87f10e479ec8be634137cc1e69244fd8f9d4a01d3	?
4631298820	UBL-Signature-Entities-2.5.ods	16a0bbb8e8cc606ae532175ce477b90d027b53e64d6b7820b3af1ff9be77fb73	?
4631298820	UBL-Signature-Google.ods	1b81c8e869732a15b6cd5de2731567f6c7ade04073a92671c94769375af78eac	?
4631298820	skeletonDisplayEditSubset.ods	5fa076e7b161a6728623971c9d8d237162310d9658c06e57dd291c8942c4f86d	?
4631321598	UBL-Endorsed-Entities-2.4-os.gc	3e3c0ddda6d6e97bd0409640918c8eee22469bee8e1a7d9503ab3b5b5f6673df	8436538
4631321598	UBL-Endorsed-Entities-2.5-csd01.gc	8a8c9c866f69a9eaf89eb771e6bc143fdffcf30aad9a2f31ed17a50f33dec791	5484544
4631321598	UBL-Endorsed-Entities-2.5.gc	3e3c0ddda6d6e97bd0409640918c8eee22469bee8e1a7d9503ab3b5b5f6673df	8436538
4631321598	UBL-Entities-2.4-os.gc	fa441eceec11cb5ba2bb38ac76a589eccad878e691bde998f7ce017ceee90913	8234496
4631321598	UBL-Entities-2.5-csd01.gc	e7ea4d179fda46fdce3e990440786ea83ae7b64b2f0d5da1788378664af5ec31	8060928
4631321598	UBL-Entities-2.5.gc	44b5b8e890ecc6e0fbd7725817a7439cab35f07d4b294a21b71e25a96bc2f13d	8896205
4631321598	UBL-Signature-Entities-2.4-os.gc	ff52a2679b16583fd3c08be9c196ae87999c91b06c8231555a65f7bef7753957	13862
4631321598	UBL-Signature-Entities-2.5-csd01.gc	23ecf98ea7937a75a73eb56433f2146af4f6f89d566c88d83f2512b3fad50768	13871
4631321598	UBL-Signature-Entities-2.5.gc	1104e26913cbddb9c1c4eb1eb742e3fc04e37af7b506e9c01dad48b3191874c6	13871
4631321598	UBL-Documents-Google.ods	1c602aadaaf96ba1ecd4121cca3502d6dbe88a85eb54fc0dca55398ef4d4b605	?
4631321598	UBL-Endorsed-Entities-2.5.ods	721ffdbc743fffddd1d233e46123cc111dd4d1b29f9ab72c4991f364c3f30d32	?
4631321598	UBL-Entities-2.5.ods	5626118c062290ac1a978fd747224fd3ed5c72425a15fbbaa4894c9479cbdddc	?
4631321598	UBL-Library-Google.ods	b3dcc0a1cfc6b27ef127ade28171010ecb082503fca6888f8a3fdf47fb286790	?
4631321598	UBL-Signature-Entities-2.5.ods	8e0d240b2ce5f00e2d9469d2dfe2568185e4ea33d055e59601e78570ec7094a6	?
4631321598	UBL-Signature-Google.ods	510b19f3b8b824fc3a875ba02db8bf1b1a37ebe7e9a310d551714cdab57ef718	?
4631321598	skeletonDisplayEditSubset.ods	5fa076e7b161a6728623971c9d8d237162310d9658c06e57dd291c8942c4f86d	?
4631326753	UBL-Endorsed-Entities-2.4-os.gc	3e3c0ddda6d6e97bd0409640918c8eee22469bee8e1a7d9503ab3b5b5f6673df	8436538
4631326753	UBL-Endorsed-Entities-2.5-csd01.gc	8a8c9c866f69a9eaf89eb771e6bc143fdffcf30aad9a2f31ed17a50f33dec791	5484544
4631326753	UBL-Endorsed-Entities-2.5.gc	3e3c0ddda6d6e97bd0409640918c8eee22469bee8e1a7d9503ab3b5b5f6673df	8436538
4631326753	UBL-Entities-2.4-os.gc	fa441eceec11cb5ba2bb38ac76a589eccad878e691bde998f7ce017ceee90913	8234496
4631326753	UBL-Entities-2.5-csd01.gc	e7ea4d179fda46fdce3e990440786ea83ae7b64b2f0d5da1788378664af5ec31	8060928
4631326753	UBL-Entities-2.5.gc	44b5b8e890ecc6e0fbd7725817a7439cab35f07d4b294a21b71e25a96bc2f13d	8896205
4631326753	UBL-Signature-Entities-2.4-os.gc	ff52a2679b16583fd3c08be9c196ae87999c91b06c8231555a65f7bef7753957	13862
4631326753	UBL-Signature-Entities-2.5-csd01.gc	23ecf98ea7937a75a73eb56433f2146af4f6f89d566c88d83f2512b3fad50768	13871
4631326753	UBL-Signature-Entities-2.5.gc	1104e26913cbddb9c1c4eb1eb742e3fc04e37af7b506e9c01dad48b3191874c6	13871
4631326753	UBL-Documents-Google.ods	9c5c60722a5ef926c6f086786fa21d7f93fed5c850d325d27c36d73c7f099d97	?
4631326753	UBL-Endorsed-Entities-2.5.ods	cde4c51c73f14c7615df6cb8682eb76bfea9483a56e3c616ed9fc915189da7a2	?
4631326753	UBL-Entities-2.5.ods	cc9d5522823c3892cf0c4c44a770499a493f30675c545188ed969f3052038648	?
4631326753	UBL-Library-Google.ods	431d0e2d19f865bd9bb37d32ae30460a7ed4f391971708adb48cac417916bc68	?
4631326753	UBL-Signature-Entities-2.5.ods	885976fed9808206142a1e7c57f9f9bcf0474440a291a2ee7476a0fb5239b927	?
4631326753	UBL-Signature-Google.ods	43410b27a54da2757406d746cad4bfa27291dcc46a1d67e2c2a3da69df2b3b1e	?
4631326753	skeletonDisplayEditSubset.ods	5fa076e7b161a6728623971c9d8d237162310d9658c06e57dd291c8942c4f86d	?
4631338943	UBL-Endorsed-Entities-2.4-os.gc	3e3c0ddda6d6e97bd0409640918c8eee22469bee8e1a7d9503ab3b5b5f6673df	8436538
4631338943	UBL-Endorsed-Entities-2.5-csd01.gc	8a8c9c866f69a9eaf89eb771e6bc143fdffcf30aad9a2f31ed17a50f33dec791	5484544
4631338943	UBL-Endorsed-Entities-2.5.gc	3e3c0ddda6d6e97bd0409640918c8eee22469bee8e1a7d9503ab3b5b5f6673df	8436538
4631338943	UBL-Entities-2.4-os.gc	fa441eceec11cb5ba2bb38ac76a589eccad878e691bde998f7ce017ceee90913	8234496
4631338943	UBL-Entities-2.5-csd01.gc	e7ea4d179fda46fdce3e990440786ea83ae7b64b2f0d5da1788378664af5ec31	8060928
4631338943	UBL-Entities-2.5.gc	44b5b8e890ecc6e0fbd7725817a7439cab35f07d4b294a21b71e25a96bc2f13d	8896205
4631338943	UBL-Signature-Entities-2.4-os.gc	ff52a2679b16583fd3c08be9c196ae87999c91b06c8231555a65f7bef7753957	13862
4631338943	UBL-Signature-Entities-2.5-csd01.gc	23ecf98ea7937a75a73eb56433f2146af4f6f89d566c88d83f2512b3fad50768	13871
4631338943	UBL-Signature-Entities-2.5.gc	1104e26913cbddb9c1c4eb1eb742e3fc04e37af7b506e9c01dad48b3191874c6	13871
4631338943	UBL-Documents-Google.ods	0792ca7e4e2466271c01c76285ca3293c549d3851c0dff49994b618efde53651	?
4631338943	UBL-Endorsed-Entities-2.5.ods	0026ad5e9dd62379fc32bab7ae56ef0f191f8f7c191c4104bb35535322c22b7f	?
4631338943	UBL-Entities-2.5.ods	912d8b42da015c677f8c5b88d35e6ca42f3b0707b2c59352fa659d6f6ede4aaf	?
4631338943	UBL-Library-Google.ods	7a193b6433d4faa26b6c974eb6880c5688d5dd08319e54c819e81b3d4e5903de	?
4631338943	UBL-Signature-Entities-2.5.ods	ba381c3980f209be3aad0a57d82c211e738df48999376fa0b3d73ed4e7e06e4c	?
4631338943	UBL-Signature-Google.ods	ce3af9b0720abe95ddadc2db378c80ec0826937d4f75f3454847a79717a797bd	?
4631338943	skeletonDisplayEditSubset.ods	5fa076e7b161a6728623971c9d8d237162310d9658c06e57dd291c8942c4f86d	?
4631833752	UBL-Endorsed-Entities-2.4-os.gc	3e3c0ddda6d6e97bd0409640918c8eee22469bee8e1a7d9503ab3b5b5f6673df	8436538
4631833752	UBL-Endorsed-Entities-2.5-csd01.gc	8a8c9c866f69a9eaf89eb771e6bc143fdffcf30aad9a2f31ed17a50f33dec791	5484544
4631833752	UBL-Endorsed-Entities-2.5.gc	3e3c0ddda6d6e97bd0409640918c8eee22469bee8e1a7d9503ab3b5b5f6673df	8436538
4631833752	UBL-Entities-2.4-os.gc	fa441eceec11cb5ba2bb38ac76a589eccad878e691bde998f7ce017ceee90913	8234496
4631833752	UBL-Entities-2.5-csd01.gc	e7ea4d179fda46fdce3e990440786ea83ae7b64b2f0d5da1788378664af5ec31	8060928
4631833752	UBL-Entities-2.5.gc	44b5b8e890ecc6e0fbd7725817a7439cab35f07d4b294a21b71e25a96bc2f13d	8896205
4631833752	UBL-Signature-Entities-2.4-os.gc	ff52a2679b16583fd3c08be9c196ae87999c91b06c8231555a65f7bef7753957	13862
4631833752	UBL-Signature-Entities-2.5-csd01.gc	23ecf98ea7937a75a73eb56433f2146af4f6f89d566c88d83f2512b3fad50768	13871
4631833752	UBL-Signature-Entities-2.5.gc	1104e26913cbddb9c1c4eb1eb742e3fc04e37af7b506e9c01dad48b3191874c6	13871
4631833752	UBL-Documents-Google.ods	fe0bb6a2c9af49e02ee36ea286256dbee91babfa36ea25ed3d976f9d0422d96c	?
4631833752	UBL-Endorsed-Entities-2.5.ods	ab4ab40e6d303da8fb1471d74852e21a864b71b72ad3fe0b574b9dbba5c24896	?
4631833752	UBL-Entities-2.5.ods	09c7f8f123fc7c8095c7c7a63986e8a2441f51a4ac7f29166153d2625d4591b6	?
4631833752	UBL-Library-Google.ods	b7b140f867f3b54ef7162e7a64e27f8e352282db903741c50ca7d89fdd3d0bd6	?
4631833752	UBL-Signature-Entities-2.5.ods	947eafcd44fe10e6078debdb2fc391f8d4b0c2ccade35bad9241eb91f61c07c2	?
4631833752	UBL-Signature-Google.ods	3eb14b8ab21fdcf9b6c382f3721f6d7935a91b8c5ec0da866a01ed7eea6da680	?
4631833752	skeletonDisplayEditSubset.ods	5fa076e7b161a6728623971c9d8d237162310d9658c06e57dd291c8942c4f86d	?
4632606474	UBL-Endorsed-Entities-2.4-os.gc	3e3c0ddda6d6e97bd0409640918c8eee22469bee8e1a7d9503ab3b5b5f6673df	8436538
4632606474	UBL-Endorsed-Entities-2.5-csd01.gc	8a8c9c866f69a9eaf89eb771e6bc143fdffcf30aad9a2f31ed17a50f33dec791	5484544
4632606474	UBL-Endorsed-Entities-2.5.gc	3e3c0ddda6d6e97bd0409640918c8eee22469bee8e1a7d9503ab3b5b5f6673df	8436538
4632606474	UBL-Entities-2.4-os.gc	fa441eceec11cb5ba2bb38ac76a589eccad878e691bde998f7ce017ceee90913	8234496
4632606474	UBL-Entities-2.5-csd01.gc	e7ea4d179fda46fdce3e990440786ea83ae7b64b2f0d5da1788378664af5ec31	8060928
4632606474	UBL-Entities-2.5.gc	44b5b8e890ecc6e0fbd7725817a7439cab35f07d4b294a21b71e25a96bc2f13d	8896205
4632606474	UBL-Signature-Entities-2.4-os.gc	ff52a2679b16583fd3c08be9c196ae87999c91b06c8231555a65f7bef7753957	13862
4632606474	UBL-Signature-Entities-2.5-csd01.gc	23ecf98ea7937a75a73eb56433f2146af4f6f89d566c88d83f2512b3fad50768	13871
4632606474	UBL-Signature-Entities-2.5.gc	1104e26913cbddb9c1c4eb1eb742e3fc04e37af7b506e9c01dad48b3191874c6	13871
4632606474	ods-sources/UBL-Documents-Google.ods	05f6fb00466a7dcda6c2e5ceea40ab06416b3732c42d87a2dcf01fb9346c894c	930888
4632606474	ods-sources/UBL-Endorsed-Entities-2.5.ods	d573e3df61042a56bd51eaaaf769f07f94a9f13d51fa60262682d3f176157ccb	1693943
4632606474	ods-sources/UBL-Entities-2.5.ods	d1b4e3466933bcbf3ee30d695f6fdadef30304bbc2b59307e41e3edf0611cb7c	1813094
4632606474	ods-sources/UBL-Library-Google.ods	c8f6ff9183665aa0ed6113054baba98d5e84863422805d6c8b15ff62a377819d	640302
4632606474	ods-sources/UBL-Signature-Entities-2.5.ods	7f83b0c3e3efe5e9ac05c9e7455d1b19b16e1254d7bcc25db48b617db44a503b	17826
4632606474	ods-sources/UBL-Signature-Google.ods	ef2874fee8277f2575d05f2ac52acdef8e6f1f926c8607941dd669db7b5fe448	16387
4632606474	ods-sources/skeletonDisplayEditSubset.ods	5fa076e7b161a6728623971c9d8d237162310d9658c06e57dd291c8942c4f86d	20886
4640431446	UBL-Endorsed-Entities-2.4-os.gc	0c9365e918f398aa8d564c94a8bb2280d934663cc5a15eb900c03b3ac357dcb0	8438113
4640431446	UBL-Endorsed-Entities-2.5-csd01.gc	8a8c9c866f69a9eaf89eb771e6bc143fdffcf30aad9a2f31ed17a50f33dec791	5484544
4640431446	UBL-Endorsed-Entities-2.5.gc	0c9365e918f398aa8d564c94a8bb2280d934663cc5a15eb900c03b3ac357dcb0	8438113
4640431446	UBL-Entities-2.4-os.gc	fa441eceec11cb5ba2bb38ac76a589eccad878e691bde998f7ce017ceee90913	8234496
4640431446	UBL-Entities-2.5-csd01.gc	e7ea4d179fda46fdce3e990440786ea83ae7b64b2f0d5da1788378664af5ec31	8060928
4640431446	UBL-Entities-2.5.gc	fa9822e180f7111bcd7286c4341cd70962befe12ccc36b518da26930b857a7bc	8897815
4640431446	UBL-Signature-Entities-2.4-os.gc	ff52a2679b16583fd3c08be9c196ae87999c91b06c8231555a65f7bef7753957	13862
4640431446	UBL-Signature-Entities-2.5-csd01.gc	23ecf98ea7937a75a73eb56433f2146af4f6f89d566c88d83f2512b3fad50768	13871
4640431446	UBL-Signature-Entities-2.5.gc	1104e26913cbddb9c1c4eb1eb742e3fc04e37af7b506e9c01dad48b3191874c6	13871
4640431446	ods-sources/UBL-Documents-Google.ods	aa63ddb4511e34fb93a58596db57dae2d0421148e90e14a8fc2de57db8360aa3	931654
4640431446	ods-sources/UBL-Endorsed-Entities-2.5.ods	e7db94bb55ef628a38f8add1d93842f6c2ac21db55cc5388f42480c34511e502	1694732
4640431446	ods-sources/UBL-Entities-2.5.ods	16d23650688191c654f7665f3d1d7b7c0e079d6be9c0dffb92f7151b801e87d6	1813908
4640431446	ods-sources/UBL-Library-Google.ods	56cd4c65093c45386b9023a05955ea962fd2c9eff5715d170773c761a359593b	640604
4640431446	ods-sources/UBL-Signature-Entities-2.5.ods	119ba8da5517e2559f2d96f1506f3930e7ccc3728ba395e31355c3358b8f92b1	17826
4640431446	ods-sources/UBL-Signature-Google.ods	6c4fec15b042c145a483883cd6d87d3f389e8f42c0cbbcb82118d92cfbc57df5	16387
4640431446	ods-sources/skeletonDisplayEditSubset.ods	5fa076e7b161a6728623971c9d8d237162310d9658c06e57dd291c8942c4f86d	20886
4750371329	UBL-Endorsed-Entities-2.4-os.gc	0c9365e918f398aa8d564c94a8bb2280d934663cc5a15eb900c03b3ac357dcb0	8438113
4750371329	UBL-Endorsed-Entities-2.5-csd01.gc	8a8c9c866f69a9eaf89eb771e6bc143fdffcf30aad9a2f31ed17a50f33dec791	5484544
4750371329	UBL-Endorsed-Entities-2.5.gc	0c9365e918f398aa8d564c94a8bb2280d934663cc5a15eb900c03b3ac357dcb0	8438113
4750371329	UBL-Entities-2.4-os.gc	fa441eceec11cb5ba2bb38ac76a589eccad878e691bde998f7ce017ceee90913	8234496
4750371329	UBL-Entities-2.5-csd01.gc	e7ea4d179fda46fdce3e990440786ea83ae7b64b2f0d5da1788378664af5ec31	8060928
4750371329	UBL-Entities-2.5.gc	fa9822e180f7111bcd7286c4341cd70962befe12ccc36b518da26930b857a7bc	8897815
4750371329	UBL-Signature-Entities-2.4-os.gc	ff52a2679b16583fd3c08be9c196ae87999c91b06c8231555a65f7bef7753957	13862
4750371329	UBL-Signature-Entities-2.5-csd01.gc	23ecf98ea7937a75a73eb56433f2146af4f6f89d566c88d83f2512b3fad50768	13871
4750371329	UBL-Signature-Entities-2.5.gc	1104e26913cbddb9c1c4eb1eb742e3fc04e37af7b506e9c01dad48b3191874c6	13871
4750371329	ods-sources/UBL-Documents-Google.ods	15603e894af9eca98103cae7f759e61022ab08c8f21b9700830e0fa4c50ff7d8	931737
4750371329	ods-sources/UBL-Endorsed-Entities-2.5.ods	d6e143453f757f90b78a5fe47461b6c706b0c79b6b8948ddb7d3400cfc108006	1694732
4750371329	ods-sources/UBL-Entities-2.5.ods	d29d5e8f5b8f539f52e00ef408f6ce59368032cf6176ed7e0e475412443a15ab	1813908
4750371329	ods-sources/UBL-Library-Google.ods	9db513a122a96d3a2c11a88205841782b8e0af7adc07a2f22af6fc0b0ae0ac13	640633
4750371329	ods-sources/UBL-Signature-Entities-2.5.ods	01023a132649bdf841d65adaa19d57947dc39abb61e3f66b75c56410706cba41	17826
4750371329	ods-sources/UBL-Signature-Google.ods	7a04ce296cfd4a1918936a3fc425f3199445ce109e21a8eb1185675e494cc0a9	16388
4750371329	ods-sources/skeletonDisplayEditSubset.ods	5fa076e7b161a6728623971c9d8d237162310d9658c06e57dd291c8942c4f86d	20886
4751186216	UBL-Endorsed-Entities-2.4-os.gc	0c9365e918f398aa8d564c94a8bb2280d934663cc5a15eb900c03b3ac357dcb0	8438113
4751186216	UBL-Endorsed-Entities-2.5-csd01.gc	8a8c9c866f69a9eaf89eb771e6bc143fdffcf30aad9a2f31ed17a50f33dec791	5484544
4751186216	UBL-Endorsed-Entities-2.5.gc	0c9365e918f398aa8d564c94a8bb2280d934663cc5a15eb900c03b3ac357dcb0	8438113
4751186216	UBL-Entities-2.4-os.gc	fa441eceec11cb5ba2bb38ac76a589eccad878e691bde998f7ce017ceee90913	8234496
4751186216	UBL-Entities-2.5-csd01.gc	e7ea4d179fda46fdce3e990440786ea83ae7b64b2f0d5da1788378664af5ec31	8060928
4751186216	UBL-Entities-2.5.gc	fa9822e180f7111bcd7286c4341cd70962befe12ccc36b518da26930b857a7bc	8897815
4751186216	UBL-Signature-Entities-2.4-os.gc	ff52a2679b16583fd3c08be9c196ae87999c91b06c8231555a65f7bef7753957	13862
4751186216	UBL-Signature-Entities-2.5-csd01.gc	23ecf98ea7937a75a73eb56433f2146af4f6f89d566c88d83f2512b3fad50768	13871
4751186216	UBL-Signature-Entities-2.5.gc	1104e26913cbddb9c1c4eb1eb742e3fc04e37af7b506e9c01dad48b3191874c6	13871
4751186216	UBL-Documents-Google.ods	96042c9e6c7456069e1e11042f42dc636db20893411b1b0e9d293ef074300c6e	?
4751186216	UBL-Endorsed-Entities-2.5.ods	5dc827283ed068572ddb171a096ee11076d2a17608ab5aa2d7213a45e4fec927	?
4751186216	UBL-Entities-2.5.ods	4cfecfe8ebf969c0bf65baf98f15e0a3860c5e6ac4a3a153952a41d8538d57da	?
4751186216	UBL-Library-Google.ods	7897b8c9b361d55f6ffb2f011a493c5addaf784e08d923924e46f579ac6ae2b2	?
4751186216	UBL-Signature-Entities-2.5.ods	3a0c908534bf9bfb84f7f3e1152b120bb234328e5c6d8909a8c0d18697ed4386	?
4751186216	UBL-Signature-Google.ods	c7695e663400a2edc678b461b4a736377d3d5c6ed646aacf3ccd5b7b850e0067	?
4751186216	skeletonDisplayEditSubset.ods	5fa076e7b161a6728623971c9d8d237162310d9658c06e57dd291c8942c4f86d	?
5082891142	UBL-Endorsed-Entities-2.4-os.gc	0c9365e918f398aa8d564c94a8bb2280d934663cc5a15eb900c03b3ac357dcb0	8438113
5082891142	UBL-Endorsed-Entities-2.5-csd01.gc	8a8c9c866f69a9eaf89eb771e6bc143fdffcf30aad9a2f31ed17a50f33dec791	5484544
5082891142	UBL-Endorsed-Entities-2.5.gc	0c9365e918f398aa8d564c94a8bb2280d934663cc5a15eb900c03b3ac357dcb0	8438113
5082891142	UBL-Entities-2.4-os.gc	fa441eceec11cb5ba2bb38ac76a589eccad878e691bde998f7ce017ceee90913	8234496
5082891142	UBL-Entities-2.5-csd01.gc	e7ea4d179fda46fdce3e990440786ea83ae7b64b2f0d5da1788378664af5ec31	8060928
5082891142	UBL-Entities-2.5.gc	fa9822e180f7111bcd7286c4341cd70962befe12ccc36b518da26930b857a7bc	8897815
5082891142	UBL-Signature-Entities-2.4-os.gc	ff52a2679b16583fd3c08be9c196ae87999c91b06c8231555a65f7bef7753957	13862
5082891142	UBL-Signature-Entities-2.5-csd01.gc	23ecf98ea7937a75a73eb56433f2146af4f6f89d566c88d83f2512b3fad50768	13871
5082891142	UBL-Signature-Entities-2.5.gc	1104e26913cbddb9c1c4eb1eb742e3fc04e37af7b506e9c01dad48b3191874c6	13871
5082891142	UBL-Documents-Google.ods	038ee247b0ba0585892670a491bcd7249f73111490707d1e343ad8d79363213d	?
5082891142	UBL-Endorsed-Entities-2.5.ods	9a38875e2697dd6dc3dd7aa255d19d4adc7d6c022021ea3f9567023f1d7bea56	?
5082891142	UBL-Entities-2.5.ods	75d084298c2c8a55a828a5b94d6bb94db6285b786d3e34b8e104c1a62913e71c	?
5082891142	UBL-Library-Google.ods	13bd603ddc8d04cd972c470a9694e75abc958881ee8cf287746e2b7d8852161f	?
5082891142	UBL-Signature-Entities-2.5.ods	205d6942f61b07dc83b339828a23393561f5a73b9dff40f146fb4ccc61878883	?
5082891142	UBL-Signature-Google.ods	2dd3c7d2e8004f2d26ec7d00bd751e55ca9a2599c501dcd2aa49db9e6240ab34	?
5082891142	skeletonDisplayEditSubset.ods	5fa076e7b161a6728623971c9d8d237162310d9658c06e57dd291c8942c4f86d	?
5083116302	UBL-Endorsed-Entities-2.4-os.gc	0c9365e918f398aa8d564c94a8bb2280d934663cc5a15eb900c03b3ac357dcb0	8438113
5083116302	UBL-Endorsed-Entities-2.5-csd01.gc	8a8c9c866f69a9eaf89eb771e6bc143fdffcf30aad9a2f31ed17a50f33dec791	5484544
5083116302	UBL-Endorsed-Entities-2.5.gc	0c9365e918f398aa8d564c94a8bb2280d934663cc5a15eb900c03b3ac357dcb0	8438113
5083116302	UBL-Entities-2.4-os.gc	fa441eceec11cb5ba2bb38ac76a589eccad878e691bde998f7ce017ceee90913	8234496
5083116302	UBL-Entities-2.5-csd01.gc	e7ea4d179fda46fdce3e990440786ea83ae7b64b2f0d5da1788378664af5ec31	8060928
5083116302	UBL-Entities-2.5.gc	fa9822e180f7111bcd7286c4341cd70962befe12ccc36b518da26930b857a7bc	8897815
5083116302	UBL-Signature-Entities-2.4-os.gc	ff52a2679b16583fd3c08be9c196ae87999c91b06c8231555a65f7bef7753957	13862
5083116302	UBL-Signature-Entities-2.5-csd01.gc	23ecf98ea7937a75a73eb56433f2146af4f6f89d566c88d83f2512b3fad50768	13871
5083116302	UBL-Signature-Entities-2.5.gc	1104e26913cbddb9c1c4eb1eb742e3fc04e37af7b506e9c01dad48b3191874c6	13871
5083116302	UBL-Documents-Google.ods	f3a825efeb79cfac34beef7a86f8b65109299665febb7af015ca54a37a5b6fc8	?
5083116302	UBL-Endorsed-Entities-2.5.ods	beb331a98fc2f4c8b4cfedd068ff3f948864ea708dc34fabfa86f82d86e8a608	?
5083116302	UBL-Entities-2.5.ods	7b7f92518f697faf2d4e77de52b28366a8b7b7f7edf89b8d60a02d257efbdf34	?
5083116302	UBL-Library-Google.ods	0226f98f3c6a193a69bc422f97ee4fa9656f1f523c4a8c84c65376a38cf2698e	?
5083116302	UBL-Signature-Entities-2.5.ods	f91f10bd220e77b1759d8d4bbb125542184dcc882cd1bf456849c71802939f23	?
5083116302	UBL-Signature-Google.ods	800f2a8975b80701dcd8ad690f9e6351c0bec70a0f93583b2e1a5e978c5ebfd9	?
5083116302	skeletonDisplayEditSubset.ods	5fa076e7b161a6728623971c9d8d237162310d9658c06e57dd291c8942c4f86d	?
5085444153	UBL-Endorsed-Entities-2.4-os.gc	0c9365e918f398aa8d564c94a8bb2280d934663cc5a15eb900c03b3ac357dcb0	8438113
5085444153	UBL-Endorsed-Entities-2.5-csd01.gc	8a8c9c866f69a9eaf89eb771e6bc143fdffcf30aad9a2f31ed17a50f33dec791	5484544
5085444153	UBL-Endorsed-Entities-2.5.gc	0c9365e918f398aa8d564c94a8bb2280d934663cc5a15eb900c03b3ac357dcb0	8438113
5085444153	UBL-Entities-2.4-os.gc	fa441eceec11cb5ba2bb38ac76a589eccad878e691bde998f7ce017ceee90913	8234496
5085444153	UBL-Entities-2.5-csd01.gc	e7ea4d179fda46fdce3e990440786ea83ae7b64b2f0d5da1788378664af5ec31	8060928
5085444153	UBL-Entities-2.5.gc	fa9822e180f7111bcd7286c4341cd70962befe12ccc36b518da26930b857a7bc	8897815
5085444153	UBL-Signature-Entities-2.4-os.gc	ff52a2679b16583fd3c08be9c196ae87999c91b06c8231555a65f7bef7753957	13862
5085444153	UBL-Signature-Entities-2.5-csd01.gc	23ecf98ea7937a75a73eb56433f2146af4f6f89d566c88d83f2512b3fad50768	13871
5085444153	UBL-Signature-Entities-2.5.gc	1104e26913cbddb9c1c4eb1eb742e3fc04e37af7b506e9c01dad48b3191874c6	13871
5085444153	UBL-Documents-Google.ods	818c4559d7c147cfc70ea1d7ba446b75b74312dd25e2b84a799a44263cd06968	?
5085444153	UBL-Endorsed-Entities-2.5.ods	f9a7b4ec994fd5357db961e22563079f039bb21f0cd65f7b6e04e973463b7f3e	?
5085444153	UBL-Entities-2.5.ods	5a44fb345a16422777548405bf64cdbaf4d25a07b0065dfdb70e1edbe3750788	?
5085444153	UBL-Library-Google.ods	fcc4ccd5353ce9814ce1d28773f3445c983f519d007c9d6c830d541054b9ed88	?
5085444153	UBL-Signature-Entities-2.5.ods	2becd4801031148d2f244b52a941f40ebbb02aef9ce788d8286aad7e7626ada0	?
5085444153	UBL-Signature-Google.ods	84395776db2d288a60194c8199a9bdfd6b4a41af687991ea8f19aa078d7a09ae	?
5085444153	skeletonDisplayEditSubset.ods	5fa076e7b161a6728623971c9d8d237162310d9658c06e57dd291c8942c4f86d	?
5085592701	UBL-Endorsed-Entities-2.4-os.gc	0c9365e918f398aa8d564c94a8bb2280d934663cc5a15eb900c03b3ac357dcb0	8438113
5085592701	UBL-Endorsed-Entities-2.5-csd01.gc	8a8c9c866f69a9eaf89eb771e6bc143fdffcf30aad9a2f31ed17a50f33dec791	5484544
5085592701	UBL-Endorsed-Entities-2.5.gc	0c9365e918f398aa8d564c94a8bb2280d934663cc5a15eb900c03b3ac357dcb0	8438113
5085592701	UBL-Entities-2.4-os.gc	fa441eceec11cb5ba2bb38ac76a589eccad878e691bde998f7ce017ceee90913	8234496
5085592701	UBL-Entities-2.5-csd01.gc	e7ea4d179fda46fdce3e990440786ea83ae7b64b2f0d5da1788378664af5ec31	8060928
5085592701	UBL-Entities-2.5.gc	fa9822e180f7111bcd7286c4341cd70962befe12ccc36b518da26930b857a7bc	8897815
5085592701	UBL-Signature-Entities-2.4-os.gc	ff52a2679b16583fd3c08be9c196ae87999c91b06c8231555a65f7bef7753957	13862
5085592701	UBL-Signature-Entities-2.5-csd01.gc	23ecf98ea7937a75a73eb56433f2146af4f6f89d566c88d83f2512b3fad50768	13871
5085592701	UBL-Signature-Entities-2.5.gc	1104e26913cbddb9c1c4eb1eb742e3fc04e37af7b506e9c01dad48b3191874c6	13871
5085592701	UBL-Documents-Google.ods	992d1d4d40ad4a05edf8004f5c4b5fb436990d6650eab82e1be9061014344d48	?
5085592701	UBL-Endorsed-Entities-2.5.ods	05b401a80d7ea5dd38165a2503c25e57d3ae57ec0de102de4417b2a738f6ab90	?
5085592701	UBL-Entities-2.5.ods	3ef7f0116912b0daa90991b78ca9a59c9c3bccc8454e3e79a722d37a0b329dbb	?
5085592701	UBL-Library-Google.ods	fb41e81a539b781c00c7ae845aa958459efd25fce2631fed7a242da8513fabb2	?
5085592701	UBL-Signature-Entities-2.5.ods	c689f8b17b27e94638a7f10cbce9412364c46d6f4d5e50dd7717f21c79482361	?
5085592701	UBL-Signature-Google.ods	62092fa2454d4be8aa621db9860241cc08c6c209f5ff960ef29b15e50e5ff758	?
5085592701	skeletonDisplayEditSubset.ods	5fa076e7b161a6728623971c9d8d237162310d9658c06e57dd291c8942c4f86d	?
5085787152	UBL-Endorsed-Entities-2.4-os.gc	0c9365e918f398aa8d564c94a8bb2280d934663cc5a15eb900c03b3ac357dcb0	8438113
5085787152	UBL-Endorsed-Entities-2.5-csd01.gc	8a8c9c866f69a9eaf89eb771e6bc143fdffcf30aad9a2f31ed17a50f33dec791	5484544
5085787152	UBL-Endorsed-Entities-2.5.gc	0c9365e918f398aa8d564c94a8bb2280d934663cc5a15eb900c03b3ac357dcb0	8438113
5085787152	UBL-Entities-2.4-os.gc	fa441eceec11cb5ba2bb38ac76a589eccad878e691bde998f7ce017ceee90913	8234496
5085787152	UBL-Entities-2.5-csd01.gc	e7ea4d179fda46fdce3e990440786ea83ae7b64b2f0d5da1788378664af5ec31	8060928
5085787152	UBL-Entities-2.5.gc	fa9822e180f7111bcd7286c4341cd70962befe12ccc36b518da26930b857a7bc	8897815
5085787152	UBL-Signature-Entities-2.4-os.gc	ff52a2679b16583fd3c08be9c196ae87999c91b06c8231555a65f7bef7753957	13862
5085787152	UBL-Signature-Entities-2.5-csd01.gc	23ecf98ea7937a75a73eb56433f2146af4f6f89d566c88d83f2512b3fad50768	13871
5085787152	UBL-Signature-Entities-2.5.gc	1104e26913cbddb9c1c4eb1eb742e3fc04e37af7b506e9c01dad48b3191874c6	13871
5085787152	UBL-Documents-Google.ods	0c7968c8545015a0095ba87c0d99362611e34da2d62fb9696f91ca334e8921a5	?
5085787152	UBL-Endorsed-Entities-2.5.ods	491a48e7c18bbe201a3052e57a6a4f9f9340b9e5a780e308191b2c67d10e1166	?
5085787152	UBL-Entities-2.5.ods	98f58d5c14586f8888df298d537bb6d40023e4cb13ad54534997b0d8d68983d4	?
5085787152	UBL-Library-Google.ods	c74034d54230f9d6b932ed184ccf5a94072e7eb1eaf824e3dd37fcb86e28b779	?
5085787152	UBL-Signature-Entities-2.5.ods	a66b0cb5b0cea95a8d217948d57209741f5511a940292c25b9e5d6bdfc2c8d69	?
5085787152	UBL-Signature-Google.ods	72369286f4e82d81dd04ff158dc686ed9e9ea6d1c85a135b17b25af20754f189	?
5085787152	skeletonDisplayEditSubset.ods	5fa076e7b161a6728623971c9d8d237162310d9658c06e57dd291c8942c4f86d	?
5085943942	UBL-Endorsed-Entities-2.4-os.gc	0c9365e918f398aa8d564c94a8bb2280d934663cc5a15eb900c03b3ac357dcb0	8438113
5085943942	UBL-Endorsed-Entities-2.5-csd01.gc	8a8c9c866f69a9eaf89eb771e6bc143fdffcf30aad9a2f31ed17a50f33dec791	5484544
5085943942	UBL-Endorsed-Entities-2.5.gc	0c9365e918f398aa8d564c94a8bb2280d934663cc5a15eb900c03b3ac357dcb0	8438113
5085943942	UBL-Entities-2.4-os.gc	fa441eceec11cb5ba2bb38ac76a589eccad878e691bde998f7ce017ceee90913	8234496
5085943942	UBL-Entities-2.5-csd01.gc	e7ea4d179fda46fdce3e990440786ea83ae7b64b2f0d5da1788378664af5ec31	8060928
5085943942	UBL-Entities-2.5.gc	fa9822e180f7111bcd7286c4341cd70962befe12ccc36b518da26930b857a7bc	8897815
5085943942	UBL-Signature-Entities-2.4-os.gc	ff52a2679b16583fd3c08be9c196ae87999c91b06c8231555a65f7bef7753957	13862
5085943942	UBL-Signature-Entities-2.5-csd01.gc	23ecf98ea7937a75a73eb56433f2146af4f6f89d566c88d83f2512b3fad50768	13871
5085943942	UBL-Signature-Entities-2.5.gc	1104e26913cbddb9c1c4eb1eb742e3fc04e37af7b506e9c01dad48b3191874c6	13871
5085943942	UBL-Documents-Google.ods	7214c7a9dc8ef5dbfe3b42193ea5c91ff9b4e6aa652a60ac84fbc96a36c0e3e7	?
5085943942	UBL-Endorsed-Entities-2.5.ods	9839ae57291b88e1858ec9de3bc9c768b65a8c721802221c8c5900d59118c418	?
5085943942	UBL-Entities-2.5.ods	318978d0ac88e35457c4ae4e43fbc6829cda0cb45e3c708bece668f9a0ef5bee	?
5085943942	UBL-Library-Google.ods	0b307d48eb1ca9be369ecf147029ee05f56beae2c979c27e888f100b7fda09e2	?
5085943942	UBL-Signature-Entities-2.5.ods	9258245eb24f29c3996fe0b68e5e1af912a0218fc3633c1e92e71115eb0f8841	?
5085943942	UBL-Signature-Google.ods	ac07ba9254a2245d8fa1d2e5d63a212f3337d23b5b8110e31f299c156402f77b	?
5085943942	skeletonDisplayEditSubset.ods	5fa076e7b161a6728623971c9d8d237162310d9658c06e57dd291c8942c4f86d	?
5207385070	UBL-Endorsed-Entities-2.4-os.gc	4ee47e115cb3e9a7da42b900d24fa771f09cdf3892a1c64b24292f0cfd7d0d4c	8438175
5207385070	UBL-Endorsed-Entities-2.5-csd01.gc	8a8c9c866f69a9eaf89eb771e6bc143fdffcf30aad9a2f31ed17a50f33dec791	5484544
5207385070	UBL-Endorsed-Entities-2.5.gc	4ee47e115cb3e9a7da42b900d24fa771f09cdf3892a1c64b24292f0cfd7d0d4c	8438175
5207385070	UBL-Entities-2.4-os.gc	fa441eceec11cb5ba2bb38ac76a589eccad878e691bde998f7ce017ceee90913	8234496
5207385070	UBL-Entities-2.5-csd01.gc	e7ea4d179fda46fdce3e990440786ea83ae7b64b2f0d5da1788378664af5ec31	8060928
5207385070	UBL-Entities-2.5.gc	881db55f19aae4a0d8d2f1ec7852e3bf81c6e375b28e2811727a5d7f07f4e0ab	8897877
5207385070	UBL-Signature-Entities-2.4-os.gc	ff52a2679b16583fd3c08be9c196ae87999c91b06c8231555a65f7bef7753957	13862
5207385070	UBL-Signature-Entities-2.5-csd01.gc	23ecf98ea7937a75a73eb56433f2146af4f6f89d566c88d83f2512b3fad50768	13871
5207385070	UBL-Signature-Entities-2.5.gc	1104e26913cbddb9c1c4eb1eb742e3fc04e37af7b506e9c01dad48b3191874c6	13871
5207385070	UBL-Documents-Google.ods	2cca1d6bc23e8f2547ad14fd8a516da96315703818c232b5f0880c80c68ecc55	?
5207385070	UBL-Library-Google.ods	cd8346653897e4d247ffe0133b5d327bd697b2bae2e140d4447c3e1b8ecb18a5	?
5207385070	UBL-Signature-Google.ods	5e0ec6d9f9fc779d3efb290ae667f5a05b8a8107ca6ac8d49c036e636ca1bbb6	?
5207385070	skeletonDisplayEditSubset.ods	5fa076e7b161a6728623971c9d8d237162310d9658c06e57dd291c8942c4f86d	?
5207702772	UBL-Endorsed-Entities-2.4-os.gc	ee0a7d346280e4cc2b8b2731bb36d1d50d74458d0efa07b26fddb2b1f8ba07de	8438175
5207702772	UBL-Endorsed-Entities-2.5-csd01.gc	8a8c9c866f69a9eaf89eb771e6bc143fdffcf30aad9a2f31ed17a50f33dec791	5484544
5207702772	UBL-Endorsed-Entities-2.5.gc	ee0a7d346280e4cc2b8b2731bb36d1d50d74458d0efa07b26fddb2b1f8ba07de	8438175
5207702772	UBL-Entities-2.4-os.gc	fa441eceec11cb5ba2bb38ac76a589eccad878e691bde998f7ce017ceee90913	8234496
5207702772	UBL-Entities-2.5-csd01.gc	e7ea4d179fda46fdce3e990440786ea83ae7b64b2f0d5da1788378664af5ec31	8060928
5207702772	UBL-Entities-2.5.gc	fd7a2531ca30ecb8515aad48dbdc4bf2007c520715865ea51498b7b838eec0cc	8897877
5207702772	UBL-Signature-Entities-2.4-os.gc	ff52a2679b16583fd3c08be9c196ae87999c91b06c8231555a65f7bef7753957	13862
5207702772	UBL-Signature-Entities-2.5-csd01.gc	23ecf98ea7937a75a73eb56433f2146af4f6f89d566c88d83f2512b3fad50768	13871
5207702772	UBL-Signature-Entities-2.5.gc	1104e26913cbddb9c1c4eb1eb742e3fc04e37af7b506e9c01dad48b3191874c6	13871
5207702772	UBL-Documents-Google.ods	70c639bb4f1d514dd12ec663c9b2058d3da681f59083d37e26f5c7eb78cf08c6	?
5207702772	UBL-Library-Google.ods	a25876083d2d04ed580f7814346a5e0013c085e78f9739c79cfd0164c4a0a70d	?
5207702772	UBL-Signature-Google.ods	8941abe9438d606ed25bb10339d286e1783bede5a1471e54af5a7c58deb7aa6b	?
5207702772	skeletonDisplayEditSubset.ods	5fa076e7b161a6728623971c9d8d237162310d9658c06e57dd291c8942c4f86d	?
5207817834	UBL-Endorsed-Entities-2.4-os.gc	ee0a7d346280e4cc2b8b2731bb36d1d50d74458d0efa07b26fddb2b1f8ba07de	8438175
5207817834	UBL-Endorsed-Entities-2.5-csd01.gc	8a8c9c866f69a9eaf89eb771e6bc143fdffcf30aad9a2f31ed17a50f33dec791	5484544
5207817834	UBL-Endorsed-Entities-2.5.gc	ee0a7d346280e4cc2b8b2731bb36d1d50d74458d0efa07b26fddb2b1f8ba07de	8438175
5207817834	UBL-Entities-2.4-os.gc	fa441eceec11cb5ba2bb38ac76a589eccad878e691bde998f7ce017ceee90913	8234496
5207817834	UBL-Entities-2.5-csd01.gc	e7ea4d179fda46fdce3e990440786ea83ae7b64b2f0d5da1788378664af5ec31	8060928
5207817834	UBL-Entities-2.5.gc	fd7a2531ca30ecb8515aad48dbdc4bf2007c520715865ea51498b7b838eec0cc	8897877
5207817834	UBL-Signature-Entities-2.4-os.gc	ff52a2679b16583fd3c08be9c196ae87999c91b06c8231555a65f7bef7753957	13862
5207817834	UBL-Signature-Entities-2.5-csd01.gc	23ecf98ea7937a75a73eb56433f2146af4f6f89d566c88d83f2512b3fad50768	13871
5207817834	UBL-Signature-Entities-2.5.gc	1104e26913cbddb9c1c4eb1eb742e3fc04e37af7b506e9c01dad48b3191874c6	13871
5207817834	UBL-Documents-Google.ods	3e1bb9a503555d088473aead5ac51220c6768ae3dbf03c9baebce4af8a008499	?
5207817834	UBL-Library-Google.ods	ca526a5e225e683f686d8132c7fe7106dc33013e59512ee4c6486cc49a5f589c	?
5207817834	UBL-Signature-Google.ods	d00e0258e9a69f31f8d3806d225c9494ca47c31d3f7fbf1a3098e9bc936658d9	?
5207817834	skeletonDisplayEditSubset.ods	5fa076e7b161a6728623971c9d8d237162310d9658c06e57dd291c8942c4f86d	?
5209008188	UBL-Endorsed-Entities-2.4-os.gc	ee0a7d346280e4cc2b8b2731bb36d1d50d74458d0efa07b26fddb2b1f8ba07de	8438175
5209008188	UBL-Endorsed-Entities-2.5-csd01.gc	8a8c9c866f69a9eaf89eb771e6bc143fdffcf30aad9a2f31ed17a50f33dec791	5484544
5209008188	UBL-Endorsed-Entities-2.5.gc	ee0a7d346280e4cc2b8b2731bb36d1d50d74458d0efa07b26fddb2b1f8ba07de	8438175
5209008188	UBL-Entities-2.4-os.gc	fa441eceec11cb5ba2bb38ac76a589eccad878e691bde998f7ce017ceee90913	8234496
5209008188	UBL-Entities-2.5-csd01.gc	e7ea4d179fda46fdce3e990440786ea83ae7b64b2f0d5da1788378664af5ec31	8060928
5209008188	UBL-Entities-2.5.gc	fd7a2531ca30ecb8515aad48dbdc4bf2007c520715865ea51498b7b838eec0cc	8897877
5209008188	UBL-Signature-Entities-2.4-os.gc	ff52a2679b16583fd3c08be9c196ae87999c91b06c8231555a65f7bef7753957	13862
5209008188	UBL-Signature-Entities-2.5-csd01.gc	23ecf98ea7937a75a73eb56433f2146af4f6f89d566c88d83f2512b3fad50768	13871
5209008188	UBL-Signature-Entities-2.5.gc	1104e26913cbddb9c1c4eb1eb742e3fc04e37af7b506e9c01dad48b3191874c6	13871
5209008188	UBL-Documents-Google.ods	e747adfe4032fc72f86961c9b0837562d23f64fcc83b00f61ba79abc3e221a78	?
5209008188	UBL-Library-Google.ods	48d4d551699fa5e1bdcb39b1257ba630d7c1a80b1d4e33f9b9aa2fe50ae25683	?
5209008188	UBL-Signature-Google.ods	4fb163bb0c7a0d0b43c2b5c92acd84efc4315819b1a9dd04df812fc5e2580e52	?
5209008188	skeletonDisplayEditSubset.ods	5fa076e7b161a6728623971c9d8d237162310d9658c06e57dd291c8942c4f86d	?
5209350022	UBL-Endorsed-Entities-2.4-os.gc	ee0a7d346280e4cc2b8b2731bb36d1d50d74458d0efa07b26fddb2b1f8ba07de	8438175
5209350022	UBL-Endorsed-Entities-2.5-csd01.gc	8a8c9c866f69a9eaf89eb771e6bc143fdffcf30aad9a2f31ed17a50f33dec791	5484544
5209350022	UBL-Endorsed-Entities-2.5.gc	ee0a7d346280e4cc2b8b2731bb36d1d50d74458d0efa07b26fddb2b1f8ba07de	8438175
5209350022	UBL-Entities-2.4-os.gc	fa441eceec11cb5ba2bb38ac76a589eccad878e691bde998f7ce017ceee90913	8234496
5209350022	UBL-Entities-2.5-csd01.gc	e7ea4d179fda46fdce3e990440786ea83ae7b64b2f0d5da1788378664af5ec31	8060928
5209350022	UBL-Entities-2.5.gc	fd7a2531ca30ecb8515aad48dbdc4bf2007c520715865ea51498b7b838eec0cc	8897877
5209350022	UBL-Signature-Entities-2.4-os.gc	ff52a2679b16583fd3c08be9c196ae87999c91b06c8231555a65f7bef7753957	13862
5209350022	UBL-Signature-Entities-2.5-csd01.gc	23ecf98ea7937a75a73eb56433f2146af4f6f89d566c88d83f2512b3fad50768	13871
5209350022	UBL-Signature-Entities-2.5.gc	1104e26913cbddb9c1c4eb1eb742e3fc04e37af7b506e9c01dad48b3191874c6	13871
5209350022	UBL-Documents-Google.ods	548bf92bc315b1f6731df7008ab9a66960088ab09e813173b10d4dd9c2ba35b8	?
5209350022	UBL-Library-Google.ods	c027a5fdbc3ef255aa64eb6a0acfd066c51d4ec639906dd69b8244149d1bbe56	?
5209350022	UBL-Signature-Google.ods	ec355a038f24ddf362d5eccaabdb16282915a9173948c165dba73ea3c2f35218	?
5209350022	skeletonDisplayEditSubset.ods	5fa076e7b161a6728623971c9d8d237162310d9658c06e57dd291c8942c4f86d	?
5210053700	UBL-Endorsed-Entities-2.5-csd01.gc	9206aafbffb7ab00fa0d1984aabdf1ae6964afb92a92aca521686584c5db91f3	8366420
5210053700	UBL-Endorsed-Entities-2.5.gc	4d43d4f6dd393a17facd4e793ee296a0c6c965a5e8e01eeca1598f4cd131c036	8438395
5210053700	UBL-Entities-2.5-csd01.gc	4ad8dd25d4a7b8209bc00edd3db80117907864972a42ef9f743bb226a05ae90a	8702571
5210053700	UBL-Entities-2.5.gc	775f7187a8a7fb9dc40976bcd377bab7ef6aef4c1cbe37a7334da989d87ea51a	8898129
5210053700	UBL-Signature-Entities-2.5-csd01.gc	23ecf98ea7937a75a73eb56433f2146af4f6f89d566c88d83f2512b3fad50768	13871
5210053700	UBL-Signature-Entities-2.5.gc	1104e26913cbddb9c1c4eb1eb742e3fc04e37af7b506e9c01dad48b3191874c6	13871
5210053700	ods-sources/UBL-Endorsed-Entities-2.5.ods	5f9d321d6d5c933be2e312f37d69280931d1e2bd70bab9bf162a1a244ab1367f	1694790
5210053700	ods-sources/UBL-Entities-2.5.ods	b363ddb73637ea815ab544936c0886f701bc7ce01fe4014fbea23a4147945d61	1813981
5210053700	ods-sources/UBL-Signature-Entities-2.5.ods	59ce2b9ea6de3c17dfc3deabbbcdead61a4241a4e1d426eabbac0f76cbbf91d6	17826
5210168034	UBL-Endorsed-Entities-2.4-os.gc	4d43d4f6dd393a17facd4e793ee296a0c6c965a5e8e01eeca1598f4cd131c036	8438395
5210168034	UBL-Endorsed-Entities-2.5-csd01.gc	8a8c9c866f69a9eaf89eb771e6bc143fdffcf30aad9a2f31ed17a50f33dec791	5484544
5210168034	UBL-Endorsed-Entities-2.5.gc	4d43d4f6dd393a17facd4e793ee296a0c6c965a5e8e01eeca1598f4cd131c036	8438395
5210168034	UBL-Entities-2.4-os.gc	fa441eceec11cb5ba2bb38ac76a589eccad878e691bde998f7ce017ceee90913	8234496
5210168034	UBL-Entities-2.5-csd01.gc	e7ea4d179fda46fdce3e990440786ea83ae7b64b2f0d5da1788378664af5ec31	8060928
5210168034	UBL-Entities-2.5.gc	775f7187a8a7fb9dc40976bcd377bab7ef6aef4c1cbe37a7334da989d87ea51a	8898129
5210168034	UBL-Signature-Entities-2.4-os.gc	ff52a2679b16583fd3c08be9c196ae87999c91b06c8231555a65f7bef7753957	13862
5210168034	UBL-Signature-Entities-2.5-csd01.gc	23ecf98ea7937a75a73eb56433f2146af4f6f89d566c88d83f2512b3fad50768	13871
5210168034	UBL-Signature-Entities-2.5.gc	1104e26913cbddb9c1c4eb1eb742e3fc04e37af7b506e9c01dad48b3191874c6	13871
5210168034	UBL-Documents-Google.ods	feea835b6ce84ff0489852158f8e7272ad18a32f33699ea1700043e25b814a14	?
5210168034	UBL-Endorsed-Entities-2.5.ods	a2686035be5d6a5a6794c74bf52617d617cd82403d08b66e48da195f139fcc4e	?
5210168034	UBL-Entities-2.5.ods	30da7cd5c4e75cde139b977ef21649c24885c6c789ce1dc3444b6276d3e949e2	?
5210168034	UBL-Library-Google.ods	1a603b5cc93251580ad00113f0a34585e8488b7220fc532b90dcc34d1d619cee	?
5210168034	UBL-Signature-Entities-2.5.ods	66216ab96bad56d1ae87cb83f5c997b216942a4fa9d8658d3f415ddc384e132e	?
5210168034	UBL-Signature-Google.ods	8f9fea8ec79d09b12137a3ea6f4727f84eecd64976408331af47528fd98b61fa	?
5210168034	skeletonDisplayEditSubset.ods	5fa076e7b161a6728623971c9d8d237162310d9658c06e57dd291c8942c4f86d	?
5210795934	UBL-Endorsed-Entities-2.4-os.gc	4d43d4f6dd393a17facd4e793ee296a0c6c965a5e8e01eeca1598f4cd131c036	8438395
5210795934	UBL-Endorsed-Entities-2.5-csd01.gc	8a8c9c866f69a9eaf89eb771e6bc143fdffcf30aad9a2f31ed17a50f33dec791	5484544
5210795934	UBL-Endorsed-Entities-2.5.gc	4d43d4f6dd393a17facd4e793ee296a0c6c965a5e8e01eeca1598f4cd131c036	8438395
5210795934	UBL-Entities-2.4-os.gc	fa441eceec11cb5ba2bb38ac76a589eccad878e691bde998f7ce017ceee90913	8234496
5210795934	UBL-Entities-2.5-csd01.gc	e7ea4d179fda46fdce3e990440786ea83ae7b64b2f0d5da1788378664af5ec31	8060928
5210795934	UBL-Entities-2.5.gc	775f7187a8a7fb9dc40976bcd377bab7ef6aef4c1cbe37a7334da989d87ea51a	8898129
5210795934	UBL-Signature-Entities-2.4-os.gc	ff52a2679b16583fd3c08be9c196ae87999c91b06c8231555a65f7bef7753957	13862
5210795934	UBL-Signature-Entities-2.5-csd01.gc	23ecf98ea7937a75a73eb56433f2146af4f6f89d566c88d83f2512b3fad50768	13871
5210795934	UBL-Signature-Entities-2.5.gc	1104e26913cbddb9c1c4eb1eb742e3fc04e37af7b506e9c01dad48b3191874c6	13871
5210795934	UBL-Documents-Google.ods	11b7a833e3c87a2f1cc07e00107c29de59afdb281dda2c1d3b0b9ff167123d03	?
5210795934	UBL-Endorsed-Entities-2.5.ods	12083d2f675737ca54c99e06fd24fada7709214af1e604366a5ed5d70368117b	?
5210795934	UBL-Entities-2.5.ods	809070ee8fc4b7b545bae3f6bf6142a3c6f6de7a4ef683bd735f8c67cd33e09d	?
5210795934	UBL-Library-Google.ods	8250338d23a8308ee966e6880868e646f35c29a0a92cc087143e42e5fb189875	?
5210795934	UBL-Signature-Entities-2.5.ods	fdd71f92e848a037cbf909ea20dc29a7a35cc013e7c7b79ed0e70869951c39d4	?
5210795934	UBL-Signature-Google.ods	8af063af4d7e64f747d2efe1e94eaf116dc6e6ffe61d06be33bdc43d828bd959	?
5210795934	skeletonDisplayEditSubset.ods	5fa076e7b161a6728623971c9d8d237162310d9658c06e57dd291c8942c4f86d	?
5211002498	UBL-Endorsed-Entities-2.4-os.gc	4d43d4f6dd393a17facd4e793ee296a0c6c965a5e8e01eeca1598f4cd131c036	8438395
5211002498	UBL-Endorsed-Entities-2.5-csd01.gc	8a8c9c866f69a9eaf89eb771e6bc143fdffcf30aad9a2f31ed17a50f33dec791	5484544
5211002498	UBL-Endorsed-Entities-2.5.gc	4d43d4f6dd393a17facd4e793ee296a0c6c965a5e8e01eeca1598f4cd131c036	8438395
5211002498	UBL-Entities-2.4-os.gc	fa441eceec11cb5ba2bb38ac76a589eccad878e691bde998f7ce017ceee90913	8234496
5211002498	UBL-Entities-2.5-csd01.gc	e7ea4d179fda46fdce3e990440786ea83ae7b64b2f0d5da1788378664af5ec31	8060928
5211002498	UBL-Entities-2.5.gc	775f7187a8a7fb9dc40976bcd377bab7ef6aef4c1cbe37a7334da989d87ea51a	8898129
5211002498	UBL-Signature-Entities-2.4-os.gc	ff52a2679b16583fd3c08be9c196ae87999c91b06c8231555a65f7bef7753957	13862
5211002498	UBL-Signature-Entities-2.5-csd01.gc	23ecf98ea7937a75a73eb56433f2146af4f6f89d566c88d83f2512b3fad50768	13871
5211002498	UBL-Signature-Entities-2.5.gc	1104e26913cbddb9c1c4eb1eb742e3fc04e37af7b506e9c01dad48b3191874c6	13871
5211002498	UBL-Documents-Google.ods	80827a20e8e40ecf3a561621fd38586baae0c4531daa437ebce953e354d6260f	?
5211002498	UBL-Endorsed-Entities-2.5.ods	2e0e221faea4b84976d3cf4aafe2084a81a36c240aa846db065f042aca4c7929	?
5211002498	UBL-Entities-2.5.ods	7a912bb61155f82c6583c0058b0d4b767e77a67849f92e92f678f51eaf9c85c7	?
5211002498	UBL-Library-Google.ods	31d726da4b48d30f86cc95618baa3f5768ab5bfd3b3d3f4f793590dd665fab33	?
5211002498	UBL-Signature-Entities-2.5.ods	d97093a90f01dc89cad6c1b7f889b354c76ab10806168f9c69360ea5a39a1385	?
5211002498	UBL-Signature-Google.ods	e544d85bcea3fecdddf6cdcc94cce53c60102c003b7f5705ed02784a77d98d6e	?
5211002498	skeletonDisplayEditSubset.ods	5fa076e7b161a6728623971c9d8d237162310d9658c06e57dd291c8942c4f86d	?
5211444097	UBL-Endorsed-Entities-2.4-os.gc	4d43d4f6dd393a17facd4e793ee296a0c6c965a5e8e01eeca1598f4cd131c036	8438395
5211444097	UBL-Endorsed-Entities-2.5-csd01.gc	8a8c9c866f69a9eaf89eb771e6bc143fdffcf30aad9a2f31ed17a50f33dec791	5484544
5211444097	UBL-Endorsed-Entities-2.5.gc	4d43d4f6dd393a17facd4e793ee296a0c6c965a5e8e01eeca1598f4cd131c036	8438395
5211444097	UBL-Entities-2.4-os.gc	fa441eceec11cb5ba2bb38ac76a589eccad878e691bde998f7ce017ceee90913	8234496
5211444097	UBL-Entities-2.5-csd01.gc	e7ea4d179fda46fdce3e990440786ea83ae7b64b2f0d5da1788378664af5ec31	8060928
5211444097	UBL-Entities-2.5.gc	775f7187a8a7fb9dc40976bcd377bab7ef6aef4c1cbe37a7334da989d87ea51a	8898129
5211444097	UBL-Signature-Entities-2.4-os.gc	ff52a2679b16583fd3c08be9c196ae87999c91b06c8231555a65f7bef7753957	13862
5211444097	UBL-Signature-Entities-2.5-csd01.gc	23ecf98ea7937a75a73eb56433f2146af4f6f89d566c88d83f2512b3fad50768	13871
5211444097	UBL-Signature-Entities-2.5.gc	1104e26913cbddb9c1c4eb1eb742e3fc04e37af7b506e9c01dad48b3191874c6	13871
5211444097	UBL-Documents-Google.ods	7882cd36e3cbc90bc30a19cd1498768a4354a369f24fac326a30729d8aeaa7d8	?
5211444097	UBL-Endorsed-Entities-2.5.ods	a5cbf1be53061282662491c76e66bcb66452b190a0e4e7072eeac23a429dea3f	?
5211444097	UBL-Entities-2.5.ods	a5940dae1680a0e977f01904d8acd4dd980a3d3708e86e42b469fe92d038bb3f	?
5211444097	UBL-Library-Google.ods	f408794ede86755ab6fe2891fff37445da203ffc0785ebfcbfdbf61acceec9d3	?
5211444097	UBL-Signature-Entities-2.5.ods	38fa2776bdd73378fbdf8561cc12c92404f0cc6949df2215a1f30c5cd6922c6d	?
5211444097	UBL-Signature-Google.ods	9a82af02059c282b64ceada61aacd71c7a2df2d9a4cb40b040eb60fe24a1a850	?
5211444097	skeletonDisplayEditSubset.ods	5fa076e7b161a6728623971c9d8d237162310d9658c06e57dd291c8942c4f86d	?
5291568120	UBL-Endorsed-Entities-2.4-os.gc	4d43d4f6dd393a17facd4e793ee296a0c6c965a5e8e01eeca1598f4cd131c036	8438395
5291568120	UBL-Endorsed-Entities-2.5-csd01.gc	9206aafbffb7ab00fa0d1984aabdf1ae6964afb92a92aca521686584c5db91f3	8366420
5291568120	UBL-Endorsed-Entities-2.5.gc	4d43d4f6dd393a17facd4e793ee296a0c6c965a5e8e01eeca1598f4cd131c036	8438395
5291568120	UBL-Entities-2.4-os.gc	fa441eceec11cb5ba2bb38ac76a589eccad878e691bde998f7ce017ceee90913	8234496
5291568120	UBL-Entities-2.5-csd01.gc	4ad8dd25d4a7b8209bc00edd3db80117907864972a42ef9f743bb226a05ae90a	8702571
5291568120	UBL-Entities-2.5.gc	775f7187a8a7fb9dc40976bcd377bab7ef6aef4c1cbe37a7334da989d87ea51a	8898129
5291568120	UBL-Signature-Entities-2.4-os.gc	ff52a2679b16583fd3c08be9c196ae87999c91b06c8231555a65f7bef7753957	13862
5291568120	UBL-Signature-Entities-2.5-csd01.gc	23ecf98ea7937a75a73eb56433f2146af4f6f89d566c88d83f2512b3fad50768	13871
5291568120	UBL-Signature-Entities-2.5.gc	1104e26913cbddb9c1c4eb1eb742e3fc04e37af7b506e9c01dad48b3191874c6	13871
5291568120	UBL-Documents-Google.ods	e2bf25899667b0b684f519466c84a508b2bc3fe3d666e1c7858280d7ac872b0a	?
5291568120	UBL-Endorsed-Entities-2.5.ods	bd0adfcd04eaee9b6572d1513a9ddef66ef7e2b60a1bfe6f57f98ed2e079104c	?
5291568120	UBL-Entities-2.5.ods	e8fde4ba57fea79f92a652ca597163e5c201f0408496a05ac731aefdf3dbc48d	?
5291568120	UBL-Library-Google.ods	83d56384a50e9df20d0bc7c5a654100c162b54180fe56c7505f789ed2ba372a8	?
5291568120	UBL-Signature-Entities-2.5.ods	725f35ad70dd8e223b8b1a3ac49c80c7d27ee8760340df217568220679091659	?
5291568120	UBL-Signature-Google.ods	d3b4a7e4175074cfc553e09b934371093ae5f8664f5d7d26be3345b8e8a0bd4a	?
5291568120	skeletonDisplayEditSubset.ods	5fa076e7b161a6728623971c9d8d237162310d9658c06e57dd291c8942c4f86d	?
5433696827	UBL-Endorsed-Entities-2.4-os.gc	df1eec393f9c84921b4e441a1a9b765e13ff9e662049c3dacde3c8e16264c9af	8438395
5433696827	UBL-Endorsed-Entities-2.5-csd01.gc	9206aafbffb7ab00fa0d1984aabdf1ae6964afb92a92aca521686584c5db91f3	8366420
5433696827	UBL-Endorsed-Entities-2.5.gc	df1eec393f9c84921b4e441a1a9b765e13ff9e662049c3dacde3c8e16264c9af	8438395
5433696827	UBL-Entities-2.4-os.gc	fa441eceec11cb5ba2bb38ac76a589eccad878e691bde998f7ce017ceee90913	8234496
5433696827	UBL-Entities-2.5-csd01.gc	4ad8dd25d4a7b8209bc00edd3db80117907864972a42ef9f743bb226a05ae90a	8702571
5433696827	UBL-Entities-2.5.gc	94b7ce6b6f1bb984c7c44ba36e345817713b7c5355593146ffb7539eba34d193	8898129
5433696827	UBL-Signature-Entities-2.4-os.gc	ff52a2679b16583fd3c08be9c196ae87999c91b06c8231555a65f7bef7753957	13862
5433696827	UBL-Signature-Entities-2.5-csd01.gc	23ecf98ea7937a75a73eb56433f2146af4f6f89d566c88d83f2512b3fad50768	13871
5433696827	UBL-Signature-Entities-2.5.gc	1104e26913cbddb9c1c4eb1eb742e3fc04e37af7b506e9c01dad48b3191874c6	13871
5433696827	UBL-Documents-Google.ods	cf63576d2e117fc6dc64c530359ab442f576a02248eab96035e1a46039c195f9	?
5433696827	UBL-Endorsed-Entities-2.5.ods	d646893d50f15860a11e5e7fc52562bcb8dcc1935393f65343436a90bd88cd38	?
5433696827	UBL-Entities-2.5.ods	d7ff720858d09437c7e3cd56cc7c6d4b87e71081c1406d35ad22e1ec0b0d5ffd	?
5433696827	UBL-Library-Google.ods	7dfe7451e95355e09866518b1b58f3de62bdb224f4ce14c59917457eb40d3af2	?
5433696827	UBL-Signature-Entities-2.5.ods	a8eedf9c44cec8eddf4d33f166def5bbe11ea31547d5b77c485f0e648fa8f4e9	?
5433696827	UBL-Signature-Google.ods	6676785a5155d56da933387277bdbb1f5661659de1def2a2279ea1fe2f5cbdc6	?
5433696827	skeletonDisplayEditSubset.ods	5fa076e7b161a6728623971c9d8d237162310d9658c06e57dd291c8942c4f86d	?
5433723623	UBL-Endorsed-Entities-2.4-os.gc	df1eec393f9c84921b4e441a1a9b765e13ff9e662049c3dacde3c8e16264c9af	8438395
5433723623	UBL-Endorsed-Entities-2.5-csd01.gc	9206aafbffb7ab00fa0d1984aabdf1ae6964afb92a92aca521686584c5db91f3	8366420
5433723623	UBL-Endorsed-Entities-2.5.gc	df1eec393f9c84921b4e441a1a9b765e13ff9e662049c3dacde3c8e16264c9af	8438395
5433723623	UBL-Entities-2.4-os.gc	fa441eceec11cb5ba2bb38ac76a589eccad878e691bde998f7ce017ceee90913	8234496
5433723623	UBL-Entities-2.5-csd01.gc	4ad8dd25d4a7b8209bc00edd3db80117907864972a42ef9f743bb226a05ae90a	8702571
5433723623	UBL-Entities-2.5.gc	94b7ce6b6f1bb984c7c44ba36e345817713b7c5355593146ffb7539eba34d193	8898129
5433723623	UBL-Signature-Entities-2.4-os.gc	ff52a2679b16583fd3c08be9c196ae87999c91b06c8231555a65f7bef7753957	13862
5433723623	UBL-Signature-Entities-2.5-csd01.gc	23ecf98ea7937a75a73eb56433f2146af4f6f89d566c88d83f2512b3fad50768	13871
5433723623	UBL-Signature-Entities-2.5.gc	1104e26913cbddb9c1c4eb1eb742e3fc04e37af7b506e9c01dad48b3191874c6	13871
5433723623	UBL-Documents-Google.ods	3cfb37d9934c98c4e7ca2ecdeb9ca6e14fec233559b34678e577b0401aa4049e	?
5433723623	UBL-Endorsed-Entities-2.5.ods	49becd676435b6fe69c2fbc6b629fd46da9cb82a8cf5fd57e7ee426a184518d6	?
5433723623	UBL-Entities-2.5.ods	e541ba66918f6637b1d00b4d5c42908d682c649db802108233809c0f37d02f9a	?
5433723623	UBL-Library-Google.ods	2623061087f1e6598d0e292637bbbd33ce2717f787bd171541ee5ed538dfeee7	?
5433723623	UBL-Signature-Entities-2.5.ods	7e8e0a04f35b6826d60d2537c6f35997ae64e49434be9c062440d162565946a0	?
5433723623	UBL-Signature-Google.ods	1528d1813d08ec45298233702365df304f60acba244ea6713de6d2bd73321492	?
5433723623	skeletonDisplayEditSubset.ods	5fa076e7b161a6728623971c9d8d237162310d9658c06e57dd291c8942c4f86d	?
5433745368	UBL-Endorsed-Entities-2.4-os.gc	df1eec393f9c84921b4e441a1a9b765e13ff9e662049c3dacde3c8e16264c9af	8438395
5433745368	UBL-Endorsed-Entities-2.5-csd01.gc	9206aafbffb7ab00fa0d1984aabdf1ae6964afb92a92aca521686584c5db91f3	8366420
5433745368	UBL-Endorsed-Entities-2.5.gc	df1eec393f9c84921b4e441a1a9b765e13ff9e662049c3dacde3c8e16264c9af	8438395
5433745368	UBL-Entities-2.4-os.gc	fa441eceec11cb5ba2bb38ac76a589eccad878e691bde998f7ce017ceee90913	8234496
5433745368	UBL-Entities-2.5-csd01.gc	4ad8dd25d4a7b8209bc00edd3db80117907864972a42ef9f743bb226a05ae90a	8702571
5433745368	UBL-Entities-2.5.gc	94b7ce6b6f1bb984c7c44ba36e345817713b7c5355593146ffb7539eba34d193	8898129
5433745368	UBL-Signature-Entities-2.4-os.gc	ff52a2679b16583fd3c08be9c196ae87999c91b06c8231555a65f7bef7753957	13862
5433745368	UBL-Signature-Entities-2.5-csd01.gc	23ecf98ea7937a75a73eb56433f2146af4f6f89d566c88d83f2512b3fad50768	13871
5433745368	UBL-Signature-Entities-2.5.gc	1104e26913cbddb9c1c4eb1eb742e3fc04e37af7b506e9c01dad48b3191874c6	13871
5433745368	UBL-Documents-Google.ods	4155541c949bc31dca47c5666a715f2f6df0a92891d47f414d7ece76febd932d	?
5433745368	UBL-Endorsed-Entities-2.5.ods	4359295c6fed9788edad594973cfce5f301be02c79c81c2c54400316dfb848ad	?
5433745368	UBL-Entities-2.5.ods	a2d4049f325d2a0708eaf20a824669d66d59c870e84e0696f30cbad3d7aa9e2e	?
5433745368	UBL-Library-Google.ods	757b8f5358b15a1b6f5ea7f10b5b031e79c22de8f2b3b43983b3a455a25eb3cf	?
5433745368	UBL-Signature-Entities-2.5.ods	e63487b7d1370ea7fac855d508c2623017314da235a3e689841548ea6d0ab875	?
5433745368	UBL-Signature-Google.ods	244a845782ed9a64a9a3d0db8a1ef0fc58cdca70ae6231531c05f50ccc4c5111	?
5433745368	skeletonDisplayEditSubset.ods	5fa076e7b161a6728623971c9d8d237162310d9658c06e57dd291c8942c4f86d	?
5433752931	UBL-Endorsed-Entities-2.4-os.gc	3e6ba659d0e1970c020aeef122ab26b8d772db5f9fe42c866343d351421e4d9c	8438395
5433752931	UBL-Endorsed-Entities-2.5-csd01.gc	9206aafbffb7ab00fa0d1984aabdf1ae6964afb92a92aca521686584c5db91f3	8366420
5433752931	UBL-Endorsed-Entities-2.5.gc	3e6ba659d0e1970c020aeef122ab26b8d772db5f9fe42c866343d351421e4d9c	8438395
5433752931	UBL-Entities-2.4-os.gc	fa441eceec11cb5ba2bb38ac76a589eccad878e691bde998f7ce017ceee90913	8234496
5433752931	UBL-Entities-2.5-csd01.gc	4ad8dd25d4a7b8209bc00edd3db80117907864972a42ef9f743bb226a05ae90a	8702571
5433752931	UBL-Entities-2.5.gc	94b7ce6b6f1bb984c7c44ba36e345817713b7c5355593146ffb7539eba34d193	8898129
5433752931	UBL-Signature-Entities-2.4-os.gc	ff52a2679b16583fd3c08be9c196ae87999c91b06c8231555a65f7bef7753957	13862
5433752931	UBL-Signature-Entities-2.5-csd01.gc	23ecf98ea7937a75a73eb56433f2146af4f6f89d566c88d83f2512b3fad50768	13871
5433752931	UBL-Signature-Entities-2.5.gc	1104e26913cbddb9c1c4eb1eb742e3fc04e37af7b506e9c01dad48b3191874c6	13871
5433752931	UBL-Documents-Google.ods	6011172a9ef9a928560751257a42eeec0b3b88611239aabfe4ef365be0b5be97	?
5433752931	UBL-Endorsed-Entities-2.5.ods	4e18134be5ee629356e8f8d07e042b70f69c853003b11ce854a120663d8b6373	?
5433752931	UBL-Entities-2.5.ods	9b32dcb5ac7a372007a3b9b33440c5a3593dabae515937e52e18311d83ec1e0a	?
5433752931	UBL-Library-Google.ods	ce847722085f259b3713d052374836e4ccfddd336076b8059acf4bb4c9dead9a	?
5433752931	UBL-Signature-Entities-2.5.ods	986e594a94805f27f21a8a272bc6e7889280c349a645d266c92ba766a4560c5e	?
5433752931	UBL-Signature-Google.ods	b793339410a74ce63e3d9246d423b574bb767b3a6490ee2ef3f561ec4be74aac	?
5433752931	skeletonDisplayEditSubset.ods	5fa076e7b161a6728623971c9d8d237162310d9658c06e57dd291c8942c4f86d	?
5433756608	UBL-Endorsed-Entities-2.4-os.gc	3e6ba659d0e1970c020aeef122ab26b8d772db5f9fe42c866343d351421e4d9c	8438395
5433756608	UBL-Endorsed-Entities-2.5-csd01.gc	9206aafbffb7ab00fa0d1984aabdf1ae6964afb92a92aca521686584c5db91f3	8366420
5433756608	UBL-Endorsed-Entities-2.5.gc	3e6ba659d0e1970c020aeef122ab26b8d772db5f9fe42c866343d351421e4d9c	8438395
5433756608	UBL-Entities-2.4-os.gc	fa441eceec11cb5ba2bb38ac76a589eccad878e691bde998f7ce017ceee90913	8234496
5433756608	UBL-Entities-2.5-csd01.gc	4ad8dd25d4a7b8209bc00edd3db80117907864972a42ef9f743bb226a05ae90a	8702571
5433756608	UBL-Entities-2.5.gc	94b7ce6b6f1bb984c7c44ba36e345817713b7c5355593146ffb7539eba34d193	8898129
5433756608	UBL-Signature-Entities-2.4-os.gc	ff52a2679b16583fd3c08be9c196ae87999c91b06c8231555a65f7bef7753957	13862
5433756608	UBL-Signature-Entities-2.5-csd01.gc	23ecf98ea7937a75a73eb56433f2146af4f6f89d566c88d83f2512b3fad50768	13871
5433756608	UBL-Signature-Entities-2.5.gc	b90385acd37a36f43a9f2bbe1832510ec43108a10482265152ea788add1a25ea	13871
5433756608	UBL-Documents-Google.ods	1d349b63018aec81aa04648e5a627181a639194647a3f6e7a7cd28cc45e12e3d	?
5433756608	UBL-Endorsed-Entities-2.5.ods	4a3d8c2e38c2375b032e9d811ed16026f4f29f16e8fbaebbdbf8556ed5db68f2	?
5433756608	UBL-Entities-2.5.ods	300ac969a27ad0f433c3c37f598357a09b15e369628e273988dce2dd815b3c7e	?
5433756608	UBL-Library-Google.ods	5d7694307dc7118a56ef1f3b8d025587b03bf4bf813dd7c3f86e228da43c71e1	?
5433756608	UBL-Signature-Entities-2.5.ods	281b7bb6f0ede836c00d40c7e7b3f78a949b9e1eba104275e45054c5adfc62c1	?
5433756608	UBL-Signature-Google.ods	01d2514b4a1b9f8c6d144f4a9a8e3ff95ce09ec9dac3a2102fff40d76c8251e6	?
5433756608	skeletonDisplayEditSubset.ods	5fa076e7b161a6728623971c9d8d237162310d9658c06e57dd291c8942c4f86d	?
5433775026	UBL-Endorsed-Entities-2.4-os.gc	3e6ba659d0e1970c020aeef122ab26b8d772db5f9fe42c866343d351421e4d9c	8438395
5433775026	UBL-Endorsed-Entities-2.5-csd01.gc	9206aafbffb7ab00fa0d1984aabdf1ae6964afb92a92aca521686584c5db91f3	8366420
5433775026	UBL-Endorsed-Entities-2.5.gc	3e6ba659d0e1970c020aeef122ab26b8d772db5f9fe42c866343d351421e4d9c	8438395
5433775026	UBL-Entities-2.4-os.gc	fa441eceec11cb5ba2bb38ac76a589eccad878e691bde998f7ce017ceee90913	8234496
5433775026	UBL-Entities-2.5-csd01.gc	4ad8dd25d4a7b8209bc00edd3db80117907864972a42ef9f743bb226a05ae90a	8702571
5433775026	UBL-Entities-2.5.gc	c3737612e83e59c482f6b513e11447f61df70e6f7fa72cdab09743daa6218070	8898129
5433775026	UBL-Signature-Entities-2.4-os.gc	ff52a2679b16583fd3c08be9c196ae87999c91b06c8231555a65f7bef7753957	13862
5433775026	UBL-Signature-Entities-2.5-csd01.gc	23ecf98ea7937a75a73eb56433f2146af4f6f89d566c88d83f2512b3fad50768	13871
5433775026	UBL-Signature-Entities-2.5.gc	b90385acd37a36f43a9f2bbe1832510ec43108a10482265152ea788add1a25ea	13871
5433775026	UBL-Documents-Google.ods	98b73c904b3f7677e60e1304ded5790dc46f308865ce580fd4a7baff7a0f849f	?
5433775026	UBL-Endorsed-Entities-2.5.ods	7306b5768340e81a7c23b56ffd032be3d9c519421f4f30e4fc81d8072e1b745b	?
5433775026	UBL-Entities-2.5.ods	93ec40fc2a771544d68e71586d289e758e8f6fd5d1217b83bbf4f161a1989d82	?
5433775026	UBL-Library-Google.ods	ef9d889d1703a3a319d40a4fa7a992ca7b1aa0c40a7fa190e4be13971b6bb1e0	?
5433775026	UBL-Signature-Entities-2.5.ods	9aa72cbf9d7f779aff05704e24c2acacfdf2f28bf8e1e66bf3a8f57fabf12c04	?
5433775026	UBL-Signature-Google.ods	c8c15849b4f27217aa77e9fbce4fe3b671cf5e4111f365eb8cea02196a65cd0f	?
5433775026	skeletonDisplayEditSubset.ods	5fa076e7b161a6728623971c9d8d237162310d9658c06e57dd291c8942c4f86d	?
5434847144	UBL-Endorsed-Entities-2.5-csd01.gc	9206aafbffb7ab00fa0d1984aabdf1ae6964afb92a92aca521686584c5db91f3	8366420
5434847144	UBL-Endorsed-Entities-2.5-csd02.gc	0c9365e918f398aa8d564c94a8bb2280d934663cc5a15eb900c03b3ac357dcb0	8438113
5434847144	UBL-Endorsed-Entities-2.5.gc	3e6ba659d0e1970c020aeef122ab26b8d772db5f9fe42c866343d351421e4d9c	8438395
5434847144	UBL-Entities-2.5-csd01.gc	4ad8dd25d4a7b8209bc00edd3db80117907864972a42ef9f743bb226a05ae90a	8702571
5434847144	UBL-Entities-2.5-csd02.gc	fa9822e180f7111bcd7286c4341cd70962befe12ccc36b518da26930b857a7bc	8897815
5434847144	UBL-Entities-2.5.gc	c3737612e83e59c482f6b513e11447f61df70e6f7fa72cdab09743daa6218070	8898129
5434847144	UBL-Signature-Entities-2.5-csd01.gc	23ecf98ea7937a75a73eb56433f2146af4f6f89d566c88d83f2512b3fad50768	13871
5434847144	UBL-Signature-Entities-2.5-csd02.gc	1104e26913cbddb9c1c4eb1eb742e3fc04e37af7b506e9c01dad48b3191874c6	13871
5434847144	UBL-Signature-Entities-2.5.gc	b90385acd37a36f43a9f2bbe1832510ec43108a10482265152ea788add1a25ea	13871
5434847144	ods-sources/UBL-Endorsed-Entities-2.5.ods	36158bf7e08890f04a987b1e89c5c93bd7354a4e728f4e8ae10751063514d4a5	1694796
5434847144	ods-sources/UBL-Entities-2.5.ods	34147439040d714fca8cf80623bf07ad9a91265660975784474edf70c14ede99	1813987
5434847144	ods-sources/UBL-Signature-Entities-2.5.ods	ea730f71aaf0562b97243a1b16fd98f56520db3f8bbb23843ce5c5efc885108d	17826
